Date,Prix,rendement
2017-01-02,1021.75,0.02319323561568165
2017-01-03,1043.8399658203125,0.021389344804025434
2017-01-04,1154.72998046875,0.10096034523200359
2017-01-05,1013.3800048828124,-0.1305752503587252
2017-01-06,902.2009887695312,-0.11620924119418063
2017-01-07,908.5850219726562,0.007051147530085622
2017-01-08,911.198974609375,0.002872818355796447
2017-01-09,902.8280029296876,-0.009229224484763598
2017-01-10,907.6790161132812,0.0053587472913489975
2017-01-11,777.7570190429688,-0.15447664907682235
2017-01-12,804.833984375,0.03422186501689417
2017-01-13,823.9840087890625,0.023515097351718417
2017-01-14,818.4119873046875,-0.006785261137378207
2017-01-15,821.7979736328125,0.004128728905042678
2017-01-16,831.5339965820312,0.011777592965048989
2017-01-17,907.93798828125,0.08790389778017538
2017-01-18,886.6179809570312,-0.02376187851963607
2017-01-19,899.072998046875,0.013950027432390044
2017-01-20,895.0260009765625,-0.004511461114076631
2017-01-21,921.7890014648438,0.029463579406781015
2017-01-22,924.6729736328124,0.003123784353015857
2017-01-23,921.0120239257812,-0.003967041519034709
2017-01-24,892.68701171875,-0.031237062820324013
2017-01-25,901.5419921875,0.00987059326696027
2017-01-26,917.5859985351562,0.017639684998949967
2017-01-27,919.75,0.0023555870752023367
2017-01-28,921.5900268554688,0.001998574343793358
2017-01-29,919.4959716796876,-0.0022748052839061117
2017-01-30,920.3820190429688,0.0009631589010199448
2017-01-31,970.4030151367188,0.05292264278631098
2017-02-01,989.0230102539062,0.019006132801863806
2017-02-02,1011.7999877929688,0.022768592259201803
2017-02-03,1029.9100341796875,0.01774054215906329
2017-02-04,1042.9000244140625,0.012533864584718835
2017-02-05,1027.3399658203125,-0.015032413323471161
2017-02-06,1038.1500244140625,0.010467402259395797
2017-02-07,1061.3499755859375,0.022101353214739383
2017-02-08,1063.0699462890625,0.001619238325925032
2017-02-09,994.3829956054688,-0.06679373711864844
2017-02-10,988.6740112304688,-0.005757777136341957
2017-02-11,1004.4500122070312,0.015830756402560375
2017-02-12,999.1810302734376,-0.005259445444450783
2017-02-13,990.6420288085938,-0.008582726834247545
2017-02-14,1004.5499877929688,0.013941699990017042
2017-02-15,1007.47998046875,0.002912476248507545
2017-02-16,1027.43994140625,0.019618070354986195
2017-02-17,1046.2099609375,0.018103858479592283
2017-02-18,1054.4200439453125,0.007816821423608289
2017-02-19,1047.8699951171875,-0.006231366653728365
2017-02-20,1079.97998046875,0.030182976618057467
2017-02-21,1115.300048828125,0.032180966437300285
2017-02-22,1117.43994140625,0.0019168315546735926
2017-02-23,1166.719970703125,0.04315606560435903
2017-02-24,1173.6800537109375,0.005947789654450197
2017-02-25,1143.8399658203125,-0.02575316445722109
2017-02-26,1165.199951171875,0.01850171104290599
2017-02-27,1179.969970703125,0.012596285399297358
2017-02-28,1179.969970703125,0.0
2017-03-01,1222.5,0.03540895276981093
2017-03-02,1251.010009765625,0.02305329049724314
2017-03-03,1274.989990234375,0.018987094918869296
2017-03-04,1255.1500244140625,-0.01568322097796848
2017-03-05,1267.1199951171875,0.009491498113520791
2017-03-06,1272.8299560546875,0.004496128401150656
2017-03-07,1223.5400390625,-0.039494404934135474
2017-03-08,1150.0,-0.06198638601041129
2017-03-09,1188.489990234375,0.032921643223535746
2017-03-10,1116.719970703125,-0.062287794611084024
2017-03-11,1175.8299560546875,0.05157845284233975
2017-03-12,1221.3800048828125,0.03800712718862531
2017-03-13,1231.9200439453125,0.008592592591656789
2017-03-14,1240.0,0.006537416006713315
2017-03-15,1249.6099853515625,0.007720111292730536
2017-03-16,1187.81005859375,-0.05072016609052099
2017-03-17,1100.22998046875,-0.07659209371416775
2017-03-18,973.8179931640624,-0.12205008924073013
2017-03-19,1036.739990234375,0.06261202328713988
2017-03-20,1054.22998046875,0.016729458954285903
2017-03-21,1120.5400390625,0.06100012272536581
2017-03-22,1049.1400146484375,-0.0658399519210997
2017-03-23,1038.5899658203125,-0.010106803783773266
2017-03-24,937.52001953125,-0.10238115832507777
2017-03-25,972.7789916992188,0.03691880349154797
2017-03-26,966.7249755859376,-0.006242870215820595
2017-03-27,1045.77001953125,0.07859470878677666
2017-03-28,1047.1500244140625,0.0013187365535509699
2017-03-29,1039.969970703125,-0.0068803730046616
2017-03-30,1026.4300537109375,-0.013105023821427864
2017-03-31,1071.7900390625,0.0432433697911625
2017-04-01,1080.5,0.008093712582577517
2017-04-02,1102.1700439453125,0.019857106712705352
2017-04-03,1143.81005859375,0.037083842797371425
2017-04-04,1133.25,-0.00927523563605881
2017-04-05,1124.780029296875,-0.007502123814714601
2017-04-06,1182.6800537109375,0.050195608063321906
2017-04-07,1176.9000244140625,-0.004899211441568241
2017-04-08,1175.949951171875,-0.0008075936023832497
2017-04-09,1187.8699951171875,0.010085493189349037
2017-04-10,1187.1300048828125,-0.0006231496912176837
2017-04-11,1205.010009765625,0.014949240225947236
2017-04-12,1200.3699951171875,-0.0038580352329784517
2017-04-13,1169.280029296875,-0.026241638711645088
2017-04-14,1167.5400390625,-0.0014891951498530176
2017-04-15,1172.52001953125,0.004256290746533331
2017-04-16,1182.93994140625,0.008847520245842233
2017-04-17,1193.9100341796875,0.0092308482079142
2017-04-18,1211.6700439453125,0.014765945740239594
2017-04-19,1210.2900390625,-0.0011395770242774717
2017-04-20,1229.0799560546875,0.015405853693440719
2017-04-21,1222.050048828125,-0.005736069884235917
2017-04-22,1231.7099609375,0.007873599679879106
2017-04-23,1207.2099609375,-0.02009153636734684
2017-04-24,1250.1500244140625,0.034951683932622934
2017-04-25,1265.489990234375,0.012195827596242381
2017-04-26,1281.0799560546875,0.012244046631327166
2017-04-27,1317.72998046875,0.028207106559154482
2017-04-28,1316.47998046875,-0.0009490512239791471
2017-04-29,1321.7900390625,0.004025414930822535
2017-04-30,1347.8900146484375,0.019553509516994083
2017-05-01,1421.5999755859375,0.05324256303040009
2017-05-02,1452.8199462890625,0.021723477635178234
2017-05-03,1490.0899658203125,0.025330039559928963
2017-05-04,1537.6700439453125,0.031431814391310375
2017-05-05,1555.449951171875,0.011496549171071457
2017-05-06,1578.800048828125,0.014900234291777892
2017-05-07,1596.7099609375,0.01128014206288519
2017-05-08,1723.3499755859375,0.07632481902191035
2017-05-09,1755.3599853515625,0.018403898923351925
2017-05-10,1787.1300048828125,0.017937028143165
2017-05-11,1848.5699462890625,0.03380135427898434
2017-05-12,1724.239990234375,-0.06962597013852267
2017-05-13,1804.9100341796875,0.04572437995723799
2017-05-14,1808.9100341796875,0.0022137248439948465
2017-05-15,1738.4300537109375,-0.03974203487147232
2017-05-16,1734.449951171875,-0.0022921058464477895
2017-05-17,1839.0899658203125,0.05858053337167224
2017-05-18,1888.6500244140625,0.026591435579729428
2017-05-19,1987.7099609375,0.05112090162962346
2017-05-20,2084.72998046875,0.04765613840375238
2017-05-21,2041.199951171875,-0.021101494807389543
2017-05-22,2173.39990234375,0.06275487042773875
2017-05-23,2320.419921875,0.06545545339360448
2017-05-24,2443.639892578125,0.051740516883191034
2017-05-25,2304.97998046875,-0.05841669584305009
2017-05-26,2202.419921875,-0.045515270812653164
2017-05-27,2038.8699951171875,-0.07716098991381948
2017-05-28,2155.800048828125,0.05576617659363858
2017-05-29,2255.610107421875,0.04525858696050733
2017-05-30,2175.469970703125,-0.03617577429230323
2017-05-31,2286.409912109375,0.0497381437480966
2017-06-01,2407.8798828125,0.05176378021810457
2017-06-02,2488.550048828125,0.032953587511441285
2017-06-03,2515.35009765625,0.010711766542318202
2017-06-04,2511.81005859375,-0.0014083655732486378
2017-06-05,2686.81005859375,0.06735100598126653
2017-06-06,2863.199951171875,0.0635852253047613
2017-06-07,2732.159912109375,-0.04684739043749975
2017-06-08,2805.6201171875,0.026532117208717843
2017-06-09,2823.81005859375,0.006462467476990419
2017-06-10,2947.7099609375,0.0429415267947828
2017-06-11,2958.110107421875,0.0035220027412670163
2017-06-12,2659.6298828125,-0.10636361588757026
2017-06-13,2717.02001953125,0.021348727352916264
2017-06-14,2506.3701171875,-0.08070016068395969
2017-06-15,2464.580078125,-0.016814098700645985
2017-06-16,2518.56005859375,0.021665893608168396
2017-06-17,2655.8798828125,0.053088672857666275
2017-06-18,2548.2900390625,-0.04135344442773459
2017-06-19,2589.60009765625,0.016080900021749223
2017-06-20,2721.7900390625,0.04978630510902349
2017-06-21,2689.10009765625,-0.012083164993093476
2017-06-22,2705.409912109375,0.006046838033450186
2017-06-23,2744.909912109375,0.01449481602903635
2017-06-24,2608.719970703125,-0.05088858716688893
2017-06-25,2589.409912109375,-0.007429651761239775
2017-06-26,2478.449951171875,-0.043796671509225504
2017-06-27,2552.449951171875,0.029420318014429903
2017-06-28,2574.7900390625,0.008714329466792847
2017-06-29,2539.320068359375,-0.013871636990232084
2017-06-30,2480.840087890625,-0.02329910763998555
2017-07-01,2434.550048828125,-0.01883529334869305
2017-07-02,2506.469970703125,0.029113422496171992
2017-07-03,2564.06005859375,0.022716585492221775
2017-07-04,2601.639892578125,0.014550011544241848
2017-07-05,2601.989990234375,0.00013455901540382342
2017-07-06,2608.56005859375,0.002521834270758916
2017-07-07,2518.659912109375,-0.035071388234270806
2017-07-08,2571.340087890625,0.020700218815308702
2017-07-09,2518.43994140625,-0.02078755903474594
2017-07-10,2372.56005859375,-0.059670073291997916
2017-07-11,2337.7900390625,-0.014763510291642135
2017-07-12,2398.840087890625,0.025779268450500048
2017-07-13,2357.89990234375,-0.01721397283791859
2017-07-14,2233.340087890625,-0.054273088825367743
2017-07-15,1998.8599853515625,-0.11092125143308351
2017-07-16,1929.8199462890625,-0.03515030423318066
2017-07-17,2228.409912109375,0.1438615807515662
2017-07-18,2318.8798828125,0.03979597271764046
2017-07-19,2273.429931640625,-0.019794585747284543
2017-07-20,2817.60009765625,0.2145958192106443
2017-07-21,2667.760009765625,-0.05464632077387588
2017-07-22,2810.1201171875,0.051988056116825554
2017-07-23,2730.39990234375,-0.028779145918047533
2017-07-24,2754.860107421875,0.008918580766257733
2017-07-25,2576.47998046875,-0.06694254490338292
2017-07-26,2529.449951171875,-0.018422250208638857
2017-07-27,2671.780029296875,0.05474305942230462
2017-07-28,2809.010009765625,0.05008718365744613
2017-07-29,2726.449951171875,-0.02983173280053908
2017-07-30,2757.179931640625,0.0112080146966278
2017-07-31,2875.340087890625,0.04196256521949504
2017-08-01,2718.260009765625,-0.05617898537460686
2017-08-02,2710.669921875,-0.002796165333308842
2017-08-03,2804.72998046875,0.034111462707778095
2017-08-04,2895.889892578125,0.03198518258855554
2017-08-05,3252.909912109375,0.11625750003820023
2017-08-06,3213.93994140625,-0.012052372736404138
2017-08-07,3378.93994140625,0.050064452917007785
2017-08-08,3419.93994140625,0.012060956427120573
2017-08-09,3342.469970703125,-0.022912944057223328
2017-08-10,3381.280029296875,0.01154429882536867
2017-08-11,3650.6201171875,0.0766427035875843
2017-08-12,3884.7099609375,0.062151276619637486
2017-08-13,4073.260009765625,0.047395339134093106
2017-08-14,4325.1298828125,0.05999850660356998
2017-08-15,4181.93017578125,-0.033669266143826704
2017-08-16,4376.6298828125,0.04550609057771382
2017-08-17,4331.68994140625,-0.010321242503652073
2017-08-18,4160.6201171875,-0.04029362277580262
2017-08-19,4193.7001953125,0.007919315940434046
2017-08-20,4087.659912109375,-0.025610788049178268
2017-08-21,4001.739990234375,-0.02124339359223626
2017-08-22,4100.52001953125,0.024384535605044277
2017-08-23,4151.52001953125,0.012360737249258236
2017-08-24,4334.68017578125,0.04317329334896414
2017-08-25,4371.60009765625,0.008481266861428693
2017-08-26,4352.39990234375,-0.004401702501784399
2017-08-27,4382.8798828125,0.006978621159060339
2017-08-28,4382.66015625,-5.013417577615087e-05
2017-08-29,4579.02001953125,0.0438291240560158
2017-08-30,4565.2998046875,-0.0030008191758987834
2017-08-31,4703.39013671875,0.02979936786414683
2017-09-01,4892.009765625,0.039319659681867236
2017-09-02,4578.77001953125,-0.06617280669547476
2017-09-03,4582.9599609375,0.0009146616866662072
2017-09-04,4236.31005859375,-0.07865244791780235
2017-09-05,4376.52978515625,0.032563502729336946
2017-09-06,4597.1201171875,0.0491739220862204
2017-09-07,4599.8798828125,0.0006001447663006587
2017-09-08,4228.75,-0.08412374960926705
2017-09-09,4226.06005859375,-0.0006363103318385299
2017-09-10,4122.93994140625,-0.02470364388401869
2017-09-11,4161.27001953125,0.009253833940325862
2017-09-12,4130.81005859375,-0.007346793001923757
2017-09-13,3882.590087890625,-0.06197104848606649
2017-09-14,3154.949951171875,-0.207529846818872
2017-09-15,3637.52001953125,0.1423295036032819
2017-09-16,3625.0400390625,-0.0034368026294089304
2017-09-17,3582.8798828125,-0.011698419937502536
2017-09-18,4065.199951171875,0.1262960167034688
2017-09-19,3924.969970703125,-0.03510422984139616
2017-09-20,3905.949951171875,-0.004857681376487122
2017-09-21,3631.0400390625,-0.072981899673918
2017-09-22,3630.699951171875,-9.366567553570349e-05
2017-09-23,3792.39990234375,0.04357358460826255
2017-09-24,3682.840087890625,-0.0293148207724947
2017-09-25,3926.070068359375,0.063954725420583
2017-09-26,3892.35009765625,-0.008625829531936802
2017-09-27,4200.669921875,0.07623090435074964
2017-09-28,4174.72998046875,-0.006194336903600828
2017-09-29,4163.06982421875,-0.0027969402299081736
2017-09-30,4338.7099609375,0.04132431925838986
2017-10-01,4403.740234375,0.014877173197664462
2017-10-02,4409.31982421875,0.0012662095917033156
2017-10-03,4317.47998046875,-0.021048548498461273
2017-10-04,4229.35986328125,-0.02062124514520569
2017-10-05,4328.41015625,0.023149656085278636
2017-10-06,4370.81005859375,0.009748054894298974
2017-10-07,4426.89013671875,0.012748976770245335
2017-10-08,4610.47998046875,0.040634632028616835
2017-10-09,4772.02001953125,0.034437730607516315
2017-10-10,4781.990234375,0.002087127436135816
2017-10-11,4826.47998046875,0.00926059259103873
2017-10-12,5446.91015625,0.12093108463263746
2017-10-13,5647.2099609375,0.036113106875085066
2017-10-14,5831.7900390625,0.032162381556304354
2017-10-15,5678.18994140625,-0.026691482867168048
2017-10-16,5725.58984375,0.008313063950488697
2017-10-17,5605.509765625,-0.021195572848553113
2017-10-18,5590.68994140625,-0.002647296986753034
2017-10-19,5708.52001953125,0.02085709532306268
2017-10-20,6011.4501953125,0.05170621739978287
2017-10-21,6031.60009765625,0.003346315203620165
2017-10-22,6008.419921875,-0.003850525893446033
2017-10-23,5930.31982421875,-0.013083660993739699
2017-10-24,5526.64013671875,-0.07049808413802694
2017-10-25,5750.7998046875,0.0397588809285736
2017-10-26,5904.830078125,0.026431731700242267
2017-10-27,5780.89990234375,-0.021211310291384677
2017-10-28,5753.08984375,-0.004822288401198804
2017-10-29,6153.85009765625,0.06734084346998692
2017-10-30,6130.52978515625,-0.003796746882876789
2017-10-31,6468.39990234375,0.053647596425813404
2017-11-01,6767.31005859375,0.04517490778615674
2017-11-02,7078.5,0.04495834544204236
2017-11-03,7207.759765625,0.01809617004484565
2017-11-04,7379.9501953125,0.02360869908970642
2017-11-05,7407.41015625,0.0037139816504208056
2017-11-06,7022.759765625,-0.05332460184821919
2017-11-07,7144.3798828125,0.017169747457019824
2017-11-08,7459.68994140625,0.043187833291547406
2017-11-09,7143.580078125,-0.04329978834888415
2017-11-10,6618.14013671875,-0.07639967782768053
2017-11-11,6357.60009765625,-0.040163421356785634
2017-11-12,5950.06982421875,-0.06624800835288802
2017-11-13,6559.490234375,0.09750993711052125
2017-11-14,6635.75,0.011558806559355261
2017-11-15,7315.5400390625,0.09752915968167031
2017-11-16,7871.68994140625,0.07327191344658601
2017-11-17,7708.990234375,-0.020885560755640853
2017-11-18,7790.14990234375,0.010472891923132721
2017-11-19,8036.490234375,0.03113234725023517
2017-11-20,8200.6396484375,0.020219707267559173
2017-11-21,8071.259765625,-0.0159025822498986
2017-11-22,8253.5498046875,0.022333812274014875
2017-11-23,8038.77001953125,-0.026367298316563037
2017-11-24,8253.6904296875,0.026384336294809074
2017-11-25,8790.919921875,0.06305893658721473
2017-11-26,9330.5498046875,0.059574580089581275
2017-11-27,9818.349609375,0.050959102209494844
2017-11-28,10058.7998046875,0.02419480982177369
2017-11-29,9888.6103515625,-0.01706422854203815
2017-11-30,10233.599609375,0.03429276074330723
2017-12-01,10975.599609375,0.06999820553385128
2017-12-02,11074.599609375,0.008979571044841705
2017-12-03,11323.2001953125,0.022199572962955827
2017-12-04,11657.2001953125,0.02907029602992317
2017-12-05,11916.7001953125,0.022016762442421012
2017-12-06,14291.5,0.18172416088180832
2017-12-07,17899.69921875,0.2251189543413279
2017-12-08,16569.400390625,-0.0772262649438904
2017-12-09,15178.2001953125,-0.08769744361032217
2017-12-10,15455.400390625,0.018098281385682924
2017-12-11,16936.80078125,0.09153033338474792
2017-12-12,17415.400390625,0.027866079189227122
2017-12-13,16408.19921875,-0.05957373243077235
2017-12-14,16564.0,0.009450503424906387
2017-12-15,17706.900390625,0.06672275050137522
2017-12-16,19497.400390625,0.09632672719671476
2017-12-17,19140.80078125,-0.018458920130955292
2017-12-18,19114.19921875,-0.001390749799384139
2017-12-19,17776.69921875,-0.07254290633921201
2017-12-20,16624.599609375,-0.06700506450657429
2017-12-21,15802.900390625,-0.05069001039219856
2017-12-22,13831.7998046875,-0.13322321728215947
2017-12-23,14699.2001953125,0.060822808891424884
2017-12-24,13925.7998046875,-0.05404986305608972
2017-12-25,14026.599609375,0.007212278283203588
2017-12-26,16099.7998046875,0.1378513383721831
2017-12-27,15838.5,-0.01636315248910769
2017-12-28,14606.5,-0.08097704981335418
2017-12-29,14656.2001953125,0.0033968323339585993
2017-12-30,12952.2001953125,-0.123597794486912
2017-12-31,14156.400390625,0.08890117328095215
2018-01-01,13657.2001953125,-0.03589997685241464
2018-01-02,14982.099609375,0.09258925971214182
2018-01-03,15201.0,0.01450508605496914
2018-01-04,15599.2001953125,0.025858428248032084
2018-01-05,17429.5,0.11094452953729395
2018-01-06,17527.0,0.00557837614383061
2018-01-07,16477.599609375,-0.061740689989333575
2018-01-08,15170.099609375,-0.08267549955484554
2018-01-09,14595.400390625,-0.038619922206656554
2018-01-10,14973.2998046875,0.025562164635523743
2018-01-11,13405.7998046875,-0.11058116741362234
2018-01-12,13980.599609375,0.04198319183702104
2018-01-13,14360.2001953125,0.026789878301524794
2018-01-14,13772.0,-0.0418229592243744
2018-01-15,13819.7998046875,0.003464786845698953
2018-01-16,11490.5,-0.18458172530715267
2018-01-17,11188.599609375,-0.02662523913776127
2018-01-18,11474.900390625,0.025266707476315986
2018-01-19,11607.400390625,0.011480784055017068
2018-01-20,12899.2001953125,0.10552244967375835
2018-01-21,11600.099609375,-0.10615162399161626
2018-01-22,10931.400390625,-0.059374267538764514
2018-01-23,10868.400390625,-0.005779885423653042
2018-01-24,11359.400390625,0.04418609725643563
2018-01-25,11259.400390625,-0.008842259367552785
2018-01-26,11171.400390625,-0.00784639410255572
2018-01-27,11440.7001953125,0.023820214048161148
2018-01-28,11786.2998046875,0.029760633486411336
2018-01-29,11296.400390625,-0.04245369798060672
2018-01-30,10106.2998046875,-0.11132515302966794
2018-01-31,10221.099609375,0.011295200421317375
2018-02-01,9170.5400390625,-0.10845799638872755
2018-02-02,8830.75,-0.03775622775012444
2018-02-03,9174.91015625,0.038232652937148615
2018-02-04,8277.009765625,-0.10299083790500418
2018-02-05,6955.27001953125,-0.17398211533124908
2018-02-06,7754.0,0.108709190826632
2018-02-07,7621.2998046875,-0.017261906053983367
2018-02-08,8265.58984375,0.08115416198670111
2018-02-09,8736.98046875,0.055463550667886
2018-02-10,8621.900390625,-0.013259122522587319
2018-02-11,8129.97021484375,-0.05874826338459904
2018-02-12,8926.5703125,0.0934749976251279
2018-02-13,8598.3095703125,-0.03746663522015048
2018-02-14,9494.6298828125,0.09916074093751703
2018-02-15,10166.400390625,0.06836184023154956
2018-02-16,10233.900390625,0.006617573638271423
2018-02-17,11112.7001953125,0.0823828388494885
2018-02-18,10551.7998046875,-0.0517921730312878
2018-02-19,11225.2998046875,0.06187369895710759
2018-02-20,11403.7001953125,0.015767739342638976
2018-02-21,10690.400390625,-0.06459170224791144
2018-02-22,10005.0,-0.06626121098880944
2018-02-23,10301.099609375,0.02916567969339212
2018-02-24,9813.0703125,-0.04853544529041365
2018-02-25,9664.73046875,-0.015231977518507023
2018-02-26,10366.7001953125,0.07011553986619923
2018-02-27,10725.599609375,0.034034606098973796
2018-02-28,10397.900390625,-0.031029470636465106
2018-03-01,10951.0,0.05182687604474623
2018-03-02,11086.400390625,0.01228839083196931
2018-03-03,11489.7001953125,0.035731831732556785
2018-03-04,11512.599609375,0.001991054965976957
2018-03-05,11573.2998046875,0.0052586502353069164
2018-03-06,10779.900390625,-0.0710173788230346
2018-03-07,9965.5703125,-0.07854714164884058
2018-03-08,9395.009765625,-0.05895751127349236
2018-03-09,9337.5498046875,-0.006134788034012573
2018-03-10,8866.0,-0.05182014795718892
2018-03-11,9578.6298828125,0.07731082693622326
2018-03-12,9205.1201171875,-0.03977469953506585
2018-03-13,9194.849609375,-0.0011163614975213676
2018-03-14,8269.8095703125,-0.1060320200204039
2018-03-15,8300.8603515625,0.0037476840392205446
2018-03-16,8338.349609375,0.004506141978666278
2018-03-17,7916.8798828125,-0.05186813420832692
2018-03-18,8223.6796875,0.03802058543426412
2018-03-19,8630.650390625,0.04830210672516699
2018-03-20,8913.4697265625,0.032243718870873295
2018-03-21,8929.2802734375,0.0017722101148152092
2018-03-22,8728.4697265625,-0.022745729727736475
2018-03-23,8879.6201171875,0.017168711059966313
2018-03-24,8668.1201171875,-0.024106835371355828
2018-03-25,8495.7802734375,-0.020082339310844688
2018-03-26,8209.400390625,-0.03428971504220435
2018-03-27,7833.0400390625,-0.04692919680936569
2018-03-28,7954.47998046875,0.015384599545303246
2018-03-29,7165.7001953125,-0.10442950860100275
2018-03-30,6890.52001953125,-0.03915922419318818
2018-03-31,6973.52978515625,0.011974965288978012
2018-04-01,6844.22998046875,-0.01871556330941182
2018-04-02,7083.7998046875,0.034404500623484324
2018-04-03,7456.10986328125,0.05122335284347912
2018-04-04,6853.83984375,-0.08422475580705502
2018-04-05,6811.47021484375,-0.006201068910305807
2018-04-06,6636.31982421875,-0.02605042094133836
2018-04-07,6911.08984375,0.04056977863510269
2018-04-08,7023.52001953125,0.01613717451544261
2018-04-09,6770.72998046875,-0.036655612766454126
2018-04-10,6834.759765625,0.009412414998555718
2018-04-11,6968.31982421875,0.019352815614150032
2018-04-12,7889.25,0.12412693581038248
2018-04-13,7895.9599609375,0.000850158009713553
2018-04-14,7986.240234375,0.01136885881377836
2018-04-15,8329.1103515625,0.04203655981360832
2018-04-16,8058.669921875,-0.03300812914143947
2018-04-17,7902.08984375,-0.019621259128287605
2018-04-18,8163.419921875,0.032535927574945944
2018-04-19,8294.3095703125,0.015906496489627386
2018-04-20,8845.830078125,0.06437648463048973
2018-04-21,8895.580078125,0.0056083625781386814
2018-04-22,8802.4599609375,-0.010523309510453771
2018-04-23,8930.8798828125,0.014483697709081866
2018-04-24,9697.5,0.0823531991874269
2018-04-25,8845.740234375,-0.09193210663750406
2018-04-26,9281.509765625,0.04808821013231679
2018-04-27,8987.0498046875,-0.03223959330684423
2018-04-28,9348.48046875,0.03942918286213981
2018-04-29,9419.080078125,0.007523614187496364
2018-04-30,9240.5498046875,-0.019136041014403915
2018-05-01,9119.009765625,-0.013240166694592048
2018-05-02,9235.919921875,0.012739001376983694
2018-05-03,9743.8603515625,0.053537157891065945
2018-05-04,9700.759765625,-0.004433170333562941
2018-05-05,9858.150390625,0.016094355065083832
2018-05-06,9654.7998046875,-0.020843383079432343
2018-05-07,9373.009765625,-0.029620923127989585
2018-05-08,9234.8203125,-0.01485310141877072
2018-05-09,9325.1796875,0.009737078547251699
2018-05-10,9043.9404296875,-0.030623267109053387
2018-05-11,8441.490234375,-0.06893610659669847
2018-05-12,8504.8896484375,0.00748238978371063
2018-05-13,8723.9404296875,0.025429769131291025
2018-05-14,8716.7900390625,-0.0008199646268760574
2018-05-15,8510.3798828125,-0.02396447419619463
2018-05-16,8368.830078125,-0.016772482047846538
2018-05-17,8094.31982421875,-0.03335153970564164
2018-05-18,8250.9697265625,0.01916817663872017
2018-05-19,8247.1796875,-0.00045945021275528575
2018-05-20,8513.25,0.031752487481542246
2018-05-21,8418.990234375,-0.011133876917273966
2018-05-22,8041.77978515625,-0.04583947139821376
2018-05-23,7557.81982421875,-0.062067659444725365
2018-05-24,7587.33984375,0.0038982826938891435
2018-05-25,7480.14013671875,-0.014229521588760008
2018-05-26,7355.8798828125,-0.016751549202160376
2018-05-27,7368.22021484375,0.0016762090503004146
2018-05-28,7135.990234375,-0.0320251597389678
2018-05-29,7472.58984375,0.04609061158009098
2018-05-30,7406.52001953125,-0.008880942351451537
2018-05-31,7494.169921875,0.01176467849979801
2018-06-01,7541.4501953125,0.006289122618005294
2018-06-02,7643.4501953125,0.013434600362671745
2018-06-03,7720.25,0.00999764944741699
2018-06-04,7514.47021484375,-0.02701622323891506
2018-06-05,7633.759765625,0.01574996113095395
2018-06-06,7653.97998046875,0.0026452866114361484
2018-06-07,7678.240234375,0.0031646133192779757
2018-06-08,7624.919921875,-0.0069685643656463014
2018-06-09,7531.97998046875,-0.012263867528105266
2018-06-10,6786.02001953125,-0.10429333638086113
2018-06-11,6906.919921875,0.017659179795872504
2018-06-12,6582.35986328125,-0.04813047339938237
2018-06-13,6349.89990234375,-0.03595427350674818
2018-06-14,6675.35009765625,0.04998260262806298
2018-06-15,6456.580078125,-0.03332187405601239
2018-06-16,6550.16015625,0.014389722742134126
2018-06-17,6499.27001953125,-0.007799634776660014
2018-06-18,6734.81982421875,0.03560119143946139
2018-06-19,6769.93994140625,0.005201158253765215
2018-06-20,6776.5498046875,0.0009758784644162688
2018-06-21,6729.740234375,-0.006931549314602492
2018-06-22,6083.68994140625,-0.1009251346030755
2018-06-23,6162.47998046875,0.012867880610642146
2018-06-24,6173.22998046875,0.0017429078270048137
2018-06-25,6249.18017578125,0.012228084684467788
2018-06-26,6093.669921875,-0.025199768617493845
2018-06-27,6157.1298828125,0.010360226200308631
2018-06-28,5903.43994140625,-0.042075518926674604
2018-06-29,6218.2998046875,0.051961304162501776
2018-06-30,6404.0,0.02942626904629897
2018-07-01,6385.81982421875,-0.002842915424254855
2018-07-02,6614.18017578125,0.03513597605397756
2018-07-03,6529.58984375,-0.012871725512868082
2018-07-04,6597.5498046875,0.010354208139776944
2018-07-05,6639.14013671875,0.006284119229603036
2018-07-06,6673.5,0.005162002311365654
2018-07-07,6856.93017578125,0.02711538540759939
2018-07-08,6773.8798828125,-0.012185823192757184
2018-07-09,6741.75,-0.004754487007430086
2018-07-10,6329.9501953125,-0.06302716705345013
2018-07-11,6394.7099609375,0.010178711879893498
2018-07-12,6228.81005859375,-0.026285767240594282
2018-07-13,6238.0498046875,0.001482289507841017
2018-07-14,6276.1201171875,0.006084371585677317
2018-07-15,6359.64013671875,0.013219819655418519
2018-07-16,6741.75,0.05834774166521406
2018-07-17,7321.0400390625,0.08243286458020904
2018-07-18,7370.77978515625,0.006771106197492216
2018-07-19,7466.85986328125,0.012951038487557298
2018-07-20,7354.1298828125,-0.015212500162380849
2018-07-21,7419.2900390625,0.008821326292061116
2018-07-22,7418.490234375,-0.00010780651465935875
2018-07-23,7711.10986328125,0.038686564334449614
2018-07-24,8424.26953125,0.0884546416030787
2018-07-25,8181.39013671875,-0.029254690417220175
2018-07-26,7951.580078125,-0.028491418656974687
2018-07-27,8165.009765625,0.026487261573523213
2018-07-28,8192.150390625,0.003318503902615788
2018-07-29,8218.4599609375,0.0032064124721458143
2018-07-30,8180.47998046875,-0.004632012619252279
2018-07-31,7780.43994140625,-0.050137941881997605
2018-08-01,7624.91015625,-0.02019234469295661
2018-08-02,7567.14990234375,-0.007604042111257314
2018-08-03,7434.39013671875,-0.017699946974246927
2018-08-04,7032.85009765625,-0.05552450759252814
2018-08-05,7068.47998046875,0.005053418144036925
2018-08-06,6951.7998046875,-0.01664487034880935
2018-08-07,6753.1201171875,-0.028995953086402793
2018-08-08,6305.7998046875,-0.06853482384772036
2018-08-09,6568.22998046875,0.040774573013564464
2018-08-10,6184.7099609375,-0.060164276035962416
2018-08-11,6295.72998046875,0.017791511924363235
2018-08-12,6322.68994140625,0.004273118524736219
2018-08-13,6297.56982421875,-0.0039809244546145095
2018-08-14,6199.7099609375,-0.01566130632947882
2018-08-15,6308.52001953125,0.017398593339542856
2018-08-16,6334.72998046875,0.004146085616168804
2018-08-17,6580.6298828125,0.03808327820833668
2018-08-18,6423.759765625,-0.024126888066353658
2018-08-19,6506.06982421875,0.01273198071380044
2018-08-20,6308.52978515625,-0.03083290846744191
2018-08-21,6488.759765625,0.028168761359932404
2018-08-22,6376.7099609375,-0.01741912892269326
2018-08-23,6534.8798828125,0.024501682068240882
2018-08-24,6719.9599609375,0.027928230011097455
2018-08-25,6763.18994140625,0.006412467252168597
2018-08-26,6707.259765625,-0.008304176683980202
2018-08-27,6884.64013671875,0.0261023761987218
2018-08-28,7096.27978515625,0.03027780971291527
2018-08-29,7047.16015625,-0.006945951847084686
2018-08-30,6978.22998046875,-0.009829420799983168
2018-08-31,7037.580078125,0.008469072019252621
2018-09-01,7193.25,0.021878714118539477
2018-09-02,7272.72021484375,0.01098730512202195
2018-09-03,7260.06005859375,-0.0017422900799939356
2018-09-04,7361.66015625,0.013897370676710707
2018-09-05,6792.830078125,-0.08041781637747292
2018-09-06,6529.169921875,-0.039587838057258296
2018-09-07,6467.06982421875,-0.009556698168818656
2018-09-08,6225.97998046875,-0.037992262867389215
2018-09-09,6300.85986328125,0.011955253777374608
2018-09-10,6329.7001953125,0.004566762205364228
2018-09-11,6321.2001953125,-0.0013437780737515226
2018-09-12,6351.7998046875,0.004829112103061917
2018-09-13,6517.31005859375,0.02572351655486571
2018-09-14,6512.7099609375,-0.0007060768656490524
2018-09-15,6543.2001953125,0.004670726045219453
2018-09-16,6517.18017578125,-0.003984578276938322
2018-09-17,6281.2001953125,-0.03688071788794467
2018-09-18,6371.2998046875,0.014242423616419586
2018-09-19,6398.5400390625,0.004266345706213315
2018-09-20,6519.669921875,0.018753903731685284
2018-09-21,6734.9501953125,0.03248666575188608
2018-09-22,6721.97998046875,-0.0019276638417000669
2018-09-23,6710.6298828125,-0.0016899322578378673
2018-09-24,6595.41015625,-0.017318842593150308
2018-09-25,6446.47021484375,-0.022841248739725373
2018-09-26,6495.0,0.007499922625337163
2018-09-27,6676.75,0.0275986920872473
2018-09-28,6644.1298828125,-0.004897601761744141
2018-09-29,6601.9599609375,-0.006367171722292397
2018-09-30,6625.56005859375,0.003568336719675713
2018-10-01,6589.6201171875,-0.00543920393591435
2018-10-02,6556.10009765625,-0.005099772645628775
2018-10-03,6502.58984375,-0.008195393817457486
2018-10-04,6576.68994140625,0.011331035300969461
2018-10-05,6622.47998046875,0.006938348855323184
2018-10-06,6588.31005859375,-0.005173043848845538
2018-10-07,6602.9501953125,0.002219673093835084
2018-10-08,6652.22998046875,0.007435585416514456
2018-10-09,6642.64013671875,-0.0014426384505714651
2018-10-10,6585.52978515625,-0.008634710127935818
2018-10-11,6256.240234375,-0.05129538214462315
2018-10-12,6274.580078125,0.0029271598167834867
2018-10-13,6285.990234375,0.0018168218647272028
2018-10-14,6290.93017578125,0.0007855566385384094
2018-10-15,6596.5400390625,0.047436333605533676
2018-10-16,6596.10986328125,-6.521446177742973e-05
2018-10-17,6544.43017578125,-0.007865727557092583
2018-10-18,6476.7099609375,-0.01040167369568934
2018-10-19,6465.41015625,-0.0017462065653059966
2018-10-20,6489.18994140625,0.003671253714641054
2018-10-21,6482.35009765625,-0.0010545924945404295
2018-10-22,6487.16015625,0.0007417487198999595
2018-10-23,6475.740234375,-0.001761939764286069
2018-10-24,6495.83984375,0.003099024997764488
2018-10-25,6476.2900390625,-0.0030141263870877566
2018-10-26,6474.75,-0.0002378247716183779
2018-10-27,6480.3798828125,0.0008691357350834039
2018-10-28,6486.39013671875,0.0009270241282308689
2018-10-29,6332.6298828125,-0.023990543470313597
2018-10-30,6334.27001953125,0.0002589641886441285
2018-10-31,6317.60986328125,-0.0026336269445916827
2018-11-01,6377.77978515625,0.009479090296347081
2018-11-02,6388.43994140625,0.0016700572222632104
2018-11-03,6361.259765625,-0.0042636638636377455
2018-11-04,6376.1298828125,0.002334877765930443
2018-11-05,6419.66015625,0.006803869277641539
2018-11-06,6461.009765625,0.006420434910365813
2018-11-07,6530.14013671875,0.010642787457474157
2018-11-08,6453.72021484375,-0.01177166147441433
2018-11-09,6385.6201171875,-0.010608136324314899
2018-11-10,6409.22021484375,0.0036890064757102436
2018-11-11,6411.27001953125,0.00031977009732031547
2018-11-12,6371.27001953125,-0.006258557445205426
2018-11-13,6359.490234375,-0.0018506025222677636
2018-11-14,5738.35009765625,-0.10277649273173672
2018-11-15,5648.02978515625,-0.01586495582727565
2018-11-16,5575.5498046875,-0.01291584159438841
2018-11-17,5554.330078125,-0.003813114336699286
2018-11-18,5623.5400390625,0.012383547969031738
2018-11-19,4871.490234375,-0.14356147255391427
2018-11-20,4451.8701171875,-0.09007563428611043
2018-11-21,4602.169921875,0.03320365546509585
2018-11-22,4365.93994140625,-0.052694412359317155
2018-11-23,4347.10986328125,-0.004322277012642317
2018-11-24,3880.760009765625,-0.11348021178490697
2018-11-25,4009.969970703125,0.0327527394287177
2018-11-26,3779.1298828125,-0.05928995928609382
2018-11-27,3820.719970703125,0.010945085463911042
2018-11-28,4257.419921875,0.10822444579237178
2018-11-29,4278.8466796875,0.005020181260203316
2018-11-30,4017.2685546875,-0.06308129823555753
2018-12-01,4214.671875,0.04796953376593649
2018-12-02,4139.8779296875,-0.01790543962871105
2018-12-03,3894.130859375,-0.061195790047934295
2018-12-04,3956.893798828125,0.015988811461090435
2018-12-05,3753.994873046875,-0.05263875080027702
2018-12-06,3521.101806640625,-0.06404661855090765
2018-12-07,3419.937255859375,-0.02915174921548669
2018-12-08,3476.11474609375,0.016293013151102542
2018-12-09,3614.234375,0.0389648242144478
2018-12-10,3502.656005859375,-0.03135850250725625
2018-12-11,3424.588134765625,-0.022540327664478
2018-12-12,3486.9501953125,0.018046272769710825
2018-12-13,3313.67724609375,-0.050968961408146995
2018-12-14,3242.48486328125,-0.0217185542488334
2018-12-15,3236.76171875,-0.0017666084928986692
2018-12-16,3252.839111328125,0.004954827235499337
2018-12-17,3545.86474609375,0.08625387653959038
2018-12-18,3696.05908203125,0.04148507479473018
2018-12-19,3745.95068359375,0.013408299801074719
2018-12-20,4134.44140625,0.09867679132172569
2018-12-21,3896.543701171875,-0.059262300440080296
2018-12-22,4014.1826171875,0.02974381467096876
2018-12-23,3998.980224609375,-0.0037943596349006015
2018-12-24,4078.59912109375,0.019714192015417353
2018-12-25,3815.49072265625,-0.06668429052768587
2018-12-26,3857.297607421875,0.010897550330662753
2018-12-27,3654.83349609375,-0.05391629952715249
2018-12-28,3923.918701171875,0.0710402860729289
2018-12-29,3820.40869140625,-0.026733418957821442
2018-12-30,3865.95263671875,0.011850725299472842
2018-12-31,3742.700439453125,-0.03240073596075632
2019-01-01,3843.52001953125,0.026581224952000326
2019-01-02,3943.409423828125,0.025657066653892002
2019-01-03,3836.7412109375,-0.027422321806191974
2019-01-04,3857.717529296875,0.005452331614920425
2019-01-05,3845.194580078125,-0.0032514872489333158
2019-01-06,4076.632568359375,0.0584470890549067
2019-01-07,4025.248291015625,-0.012684700557386464
2019-01-08,4030.847900390625,0.001390154770684049
2019-01-09,4035.29638671875,0.0011030020343767433
2019-01-10,3678.924560546875,-0.09245928249298174
2019-01-11,3687.365478515625,0.0022917701090907627
2019-01-12,3661.301025390625,-0.007093684931486877
2019-01-13,3552.953125,-0.030039431790894966
2019-01-14,3706.05224609375,0.04218810159294328
2019-01-15,3630.67529296875,-0.020548563372546624
2019-01-16,3655.0068359375,0.006679301401545601
2019-01-17,3678.56396484375,0.00642448558032882
2019-01-18,3657.83935546875,-0.0056498160197318015
2019-01-19,3728.568359375,0.019151709058737865
2019-01-20,3601.013671875,-0.03480896076891504
2019-01-21,3576.032470703125,-0.006961443903655606
2019-01-22,3604.5771484375,0.007950530556472657
2019-01-23,3585.123046875,-0.005411671839448573
2019-01-24,3600.865478515625,0.004381431105509037
2019-01-25,3599.765869140625,-0.0003054202695444985
2019-01-26,3602.46044921875,0.0007482631299655651
2019-01-27,3583.9658203125,-0.005147111803204041
2019-01-28,3470.450439453125,-0.03218556314914878
2019-01-29,3448.116943359375,-0.006456126661070982
2019-01-30,3486.181640625,0.01097878297095356
2019-01-31,3457.792724609375,-0.008176606850343049
2019-02-01,3487.9453125,0.008682382533651278
2019-02-02,3521.060791015625,0.00944947812577368
2019-02-03,3464.013427734375,-0.016334438234448356
2019-02-04,3459.154052734375,-0.001403801312541475
2019-02-05,3466.357421875,0.002080242524957754
2019-02-06,3413.767822265625,-0.015287693750092757
2019-02-07,3399.4716796875,-0.0041965833008426046
2019-02-08,3666.7802734375,0.0756939360941562
2019-02-09,3671.20361328125,0.0012056010064362965
2019-02-10,3690.188232421875,0.005157899926350851
2019-02-11,3648.4306640625,-0.011380348161981857
2019-02-12,3653.528564453125,0.0013963105132095421
2019-02-13,3632.070556640625,-0.005890543660870051
2019-02-14,3616.880859375,-0.004190873583171495
2019-02-15,3620.810791015625,0.0010859628225894369
2019-02-16,3629.78759765625,0.002476157344837304
2019-02-17,3673.836181640625,0.012062263719125
2019-02-18,3915.71435546875,0.06376138183178881
2019-02-19,3947.094482421875,0.007981955101911353
2019-02-20,3999.820556640625,0.013269765098495867
2019-02-21,3954.1181640625,-0.01149189028232911
2019-02-22,4005.526611328125,0.012917451356472043
2019-02-23,4142.52685546875,0.03363089286305154
2019-02-24,3810.427490234375,-0.08356456820529345
2019-02-25,3882.6962890625,0.018788447145977827
2019-02-26,3854.35791015625,-0.007325399279810796
2019-02-27,3851.04736328125,-0.0008592791582575643
2019-02-28,3854.785400390625,0.0009701838898461546
2019-03-01,3859.583740234375,0.0012440007407157339
2019-03-02,3864.4150390625,0.00125098400355661
2019-03-03,3847.17578125,-0.004471006548913081
2019-03-04,3761.55712890625,-0.02250631409689774
2019-03-05,3896.375,0.035213632013155305
2019-03-06,3903.942626953125,0.001940338762940641
2019-03-07,3911.484375,0.0019299650258197687
2019-03-08,3901.131591796875,-0.0026502747112910896
2019-03-09,3963.313720703125,0.01581381071084742
2019-03-10,3951.599853515625,-0.002959950384815002
2019-03-11,3905.227294921875,-0.011804535394846383
2019-03-12,3909.15625,0.001005570148075563
2019-03-13,3906.71728515625,-0.0006241055237001802
2019-03-14,3924.369140625,0.004508157464902851
2019-03-15,3960.9111328125,0.009268473031697866
2019-03-16,4048.725830078125,0.021928138916456064
2019-03-17,4025.22900390625,-0.00582041712864978
2019-03-18,4032.50732421875,0.0018065426803683948
2019-03-19,4071.190185546875,0.00954703827395953
2019-03-20,4087.476318359375,0.003992356946232789
2019-03-21,4029.326904296875,-0.014328401790338674
2019-03-22,4023.96826171875,-0.0013307952232004538
2019-03-23,4035.826416015625,0.0029425471310986495
2019-03-24,4022.168212890625,-0.0033899789796230095
2019-03-25,3963.070556640625,-0.014801995775437504
2019-03-26,3985.080810546875,0.005538472822802731
2019-03-27,4087.066162109375,0.025269802161778543
2019-03-28,4069.107177734375,-0.00440378414003284
2019-03-29,4098.37451171875,0.007166825802505272
2019-03-30,4106.66015625,0.002019649564678261
2019-03-31,4105.404296875,-0.00030585716708841915
2019-04-01,4158.18310546875,0.01277399843531235
2019-04-02,4879.8779296875,0.16004197976839407
2019-04-03,4973.02197265625,0.01890749296950922
2019-04-04,4922.798828125,-0.010150461847883818
2019-04-05,5036.68115234375,0.022870127391311
2019-04-06,5059.8173828125,0.004583028638013076
2019-04-07,5198.89697265625,0.027116090148746608
2019-04-08,5289.77099609375,0.017328472526209282
2019-04-09,5204.95849609375,-0.016163226787920593
2019-04-10,5324.5517578125,0.02271680293391576
2019-04-11,5064.48779296875,-0.05007552528719117
2019-04-12,5089.5390625,0.004934263167637454
2019-04-13,5096.58642578125,0.001383718355681296
2019-04-14,5167.72216796875,0.013861017615290905
2019-04-15,5067.1083984375,-0.019661685681246155
2019-04-16,5235.5595703125,0.032703409546247286
2019-04-17,5251.93798828125,0.0031234202806835754
2019-04-18,5298.3857421875,0.00880504810644922
2019-04-19,5303.8125,0.0010237043606338148
2019-04-20,5337.88623046875,0.006403836037113919
2019-04-21,5314.53125,-0.00438492350363795
2019-04-22,5399.365234375,0.01583658335751359
2019-04-23,5572.3623046875,0.031537678710241934
2019-04-24,5464.86669921875,-0.0194793465759453
2019-04-25,5210.515625,-0.04766091040689524
2019-04-26,5279.34814453125,0.013123813423158381
2019-04-27,5268.291015625,-0.0020966081203077636
2019-04-28,5285.13916015625,0.003192925629715404
2019-04-29,5247.3525390625,-0.007175278992262335
2019-04-30,5350.7265625,0.019508686623199267
2019-05-01,5402.697265625,0.009665964737195054
2019-05-02,5505.28369140625,0.018809979754905726
2019-05-03,5768.28955078125,0.046667295980034496
2019-05-04,5831.16748046875,0.010841636020002099
2019-05-05,5795.70849609375,-0.00609950504004253
2019-05-06,5746.80712890625,-0.008473310560161096
2019-05-07,5829.50146484375,0.014287066018571437
2019-05-08,5982.45751953125,0.025899955314045542
2019-05-09,6174.52880859375,0.03160113331553838
2019-05-10,6378.84912109375,0.03255511923946841
2019-05-11,7204.771484375,0.12175582015101227
2019-05-12,6972.37158203125,-0.03278809012221373
2019-05-13,7814.9150390625,0.1140786697230034
2019-05-14,7994.416015625,0.022709207625679184
2019-05-15,8205.16796875,0.026020895924879994
2019-05-16,7884.9091796875,-0.03981349360704378
2019-05-17,7343.8955078125,-0.07108127725881808
2019-05-18,7271.2080078125,-0.009946983850618096
2019-05-19,8197.689453125,0.11992989942799603
2019-05-20,7978.30908203125,-0.027125846028695833
2019-05-21,7963.32763671875,-0.0018795372127939913
2019-05-22,7680.06640625,-0.03621876354448261
2019-05-23,7881.8466796875,0.025934032858881295
2019-05-24,7987.37158203125,0.013299515579216603
2019-05-25,8052.5439453125,0.00812631735109548
2019-05-26,8673.2158203125,0.07425157599335819
2019-05-27,8805.7783203125,0.015168497755126964
2019-05-28,8719.9619140625,-0.00979326304904582
2019-05-29,8659.4873046875,-0.0069593521281454684
2019-05-30,8319.47265625,-0.04005664796772912
2019-05-31,8574.501953125,0.030194039934908545
2019-06-01,8564.0166015625,-0.0012236008424260092
2019-06-02,8742.9580078125,0.02067926798314268
2019-06-03,8208.9951171875,-0.0630180586838609
2019-06-04,7707.77099609375,-0.0630014783427022
2019-06-05,7824.2314453125,0.014996473539936162
2019-06-06,7822.0234375,-0.0002822410658254171
2019-06-07,8043.951171875,0.027977129076807827
2019-06-08,7954.1279296875,-0.011229371413747913
2019-06-09,7688.0771484375,-0.03402032381425535
2019-06-10,8000.32958984375,0.03981203302759084
2019-06-11,7927.71435546875,-0.009117973017984227
2019-06-12,8145.857421875,0.0271447396905522
2019-06-13,8230.923828125,0.010388753446054722
2019-06-14,8693.8330078125,0.054715664950810705
2019-06-15,8838.375,0.016489111591431183
2019-06-16,8994.48828125,0.017508940317693344
2019-06-17,9320.3525390625,0.03558847752156069
2019-06-18,9081.7626953125,-0.025932150849556024
2019-06-19,9273.521484375,0.020894883881638293
2019-06-20,9527.16015625,0.026983496264122664
2019-06-21,10144.556640625,0.06279058671001714
2019-06-22,10701.69140625,0.0534645342577349
2019-06-23,10855.37109375,0.014258184854998746
2019-06-24,11011.1025390625,0.014244096327892919
2019-06-25,11790.9169921875,0.06842540313130918
2019-06-26,13016.2314453125,0.09886766271923975
2019-06-27,11182.806640625,-0.1518196739369877
2019-06-28,12407.33203125,0.10391011328681188
2019-06-29,11959.37109375,-0.03677242770372402
2019-06-30,10817.1552734375,-0.10038183788517507
2019-07-01,10583.134765625,-0.021871650928673603
2019-07-02,10801.677734375,0.02043979364930415
2019-07-03,11961.26953125,0.1019724231462682
2019-07-04,11215.4375,-0.06438271352158509
2019-07-05,10978.4599609375,-0.021356009787895758
2019-07-06,11208.55078125,0.020741781945806892
2019-07-07,11450.8466796875,0.021386723467299973
2019-07-08,12285.9580078125,0.07039331175600338
2019-07-09,12573.8125,0.023159293280457405
2019-07-10,12156.5126953125,-0.033751227644685855
2019-07-11,11358.662109375,-0.06788441618713037
2019-07-12,11815.986328125,0.039472753868565746
2019-07-13,11392.37890625,-0.03650877331612712
2019-07-14,10256.05859375,-0.10507600156656594
2019-07-15,10895.08984375,0.06044360141003047
2019-07-16,9477.6416015625,-0.1393767055806645
2019-07-17,9693.802734375,0.022551278856090207
2019-07-18,10666.482421875,0.09561955306661929
2019-07-19,10530.732421875,-0.012808461572603846
2019-07-20,10767.1396484375,0.022200991330416642
2019-07-21,10599.10546875,-0.015729262974589986
2019-07-22,10343.1064453125,-0.02444935394202119
2019-07-23,9900.767578125,-0.043707966595475156
2019-07-24,9811.92578125,-0.009013724991008942
2019-07-25,9911.841796875,0.010131621144278569
2019-07-26,9870.3037109375,-0.004199559341957482
2019-07-27,9477.677734375,-0.04059130256046295
2019-07-28,9552.8603515625,0.007901301370322855
2019-07-29,9519.1455078125,-0.0035355357080177896
2019-07-30,9607.423828125,0.009231027857063978
2019-07-31,10085.6279296875,0.04857531814577598
2019-08-01,10399.6689453125,0.030662540264241755
2019-08-02,10518.1748046875,0.011330721144643618
2019-08-03,10821.7265625,0.028451137479914124
2019-08-04,10970.1845703125,0.01362526706755851
2019-08-05,11805.6533203125,0.07339741253271903
2019-08-06,11478.1689453125,-0.028131633051238225
2019-08-07,11941.96875,0.03961210267399373
2019-08-08,11966.4072265625,0.0020443450527860563
2019-08-09,11862.9365234375,-0.008684364496771124
2019-08-10,11354.0244140625,-0.043846706855642736
2019-08-11,11523.5791015625,0.014823037907254033
2019-08-12,11382.6162109375,-0.012307995125176774
2019-08-13,10895.830078125,-0.043707143389404735
2019-08-14,10051.7041015625,-0.0806379719242738
2019-08-15,10311.5458984375,0.025522045965720608
2019-08-16,10374.3388671875,0.0060711120004821595
2019-08-17,10231.744140625,-0.013840282280728644
2019-08-18,10345.810546875,0.01108660152588925
2019-08-19,10916.0537109375,0.0536528635334399
2019-08-20,10763.232421875,-0.014098602646118508
2019-08-21,10138.0498046875,-0.05984026786228647
2019-08-22,10131.0556640625,-0.0006901282262674613
2019-08-23,10407.96484375,0.02696583890848636
2019-08-24,10159.9609375,-0.02411676598546819
2019-08-25,10138.517578125,-0.0021128053844350347
2019-08-26,10370.8203125,0.0226543314762484
2019-08-27,10185.5,-0.01803098322502983
2019-08-28,9754.4228515625,-0.043244332321517476
2019-08-29,9510.2001953125,-0.02535588058642091
2019-08-30,9598.173828125,0.009207926773969533
2019-08-31,9630.6640625,0.003379326975375463
2019-09-01,9757.970703125,0.01313227792802607
2019-09-02,10346.7607421875,0.05858903991126141
2019-09-03,10623.5400390625,0.026398798324718697
2019-09-04,10594.4931640625,-0.0027379439807031503
2019-09-05,10575.533203125,-0.0017912085396538657
2019-09-06,10353.302734375,-0.021237571181719872
2019-09-07,10517.2548828125,0.01571165698085153
2019-09-08,10441.2763671875,-0.007250398184558193
2019-09-09,10334.974609375,-0.010233096005396902
2019-09-10,10115.9755859375,-0.02141782097558753
2019-09-11,10178.3720703125,0.006149168432955321
2019-09-12,10410.126953125,0.02251399403043486
2019-09-13,10360.546875,-0.004774055257204424
2019-09-14,10358.048828125,-0.00024114056019008956
2019-09-15,10347.712890625,-0.0009983634989048085
2019-09-16,10276.7939453125,-0.006877180180772768
2019-09-17,10241.2724609375,-0.00346246270575179
2019-09-18,10198.248046875,-0.004209930227212055
2019-09-19,10266.4150390625,0.006661946401365526
2019-09-20,10181.6416015625,-0.008291636186186224
2019-09-21,10019.716796875,-0.016031424170293462
2019-09-22,10070.392578125,0.005044859416292624
2019-09-23,9729.32421875,-0.034455250468614196
2019-09-24,8620.56640625,-0.12099364952146807
2019-09-25,8486.9931640625,-0.015616015371175962
2019-09-26,8118.9677734375,-0.04433175093227604
2019-09-27,8251.845703125,0.01623387232043605
2019-09-28,8245.9150390625,-0.0007189659749151645
2019-09-29,8104.185546875,-0.017337268541281148
2019-09-30,8293.8681640625,0.0231358039600007
2019-10-01,8343.2763671875,0.0059395226486973485
2019-10-02,8393.0419921875,0.005947039319424974
2019-10-03,8259.9921875,-0.01597938661828735
2019-10-04,8205.939453125,-0.0065654260828598154
2019-10-05,8151.50048828125,-0.0066561963279792025
2019-10-06,7988.15576171875,-0.02024210447085828
2019-10-07,8245.623046875,0.031722604960343403
2019-10-08,8228.783203125,-0.0020443649816002107
2019-10-09,8595.740234375,0.0436286041566607
2019-10-10,8586.4736328125,-0.0010786272982699074
2019-10-11,8321.7568359375,-0.03131474095669695
2019-10-12,8336.5556640625,0.0017767504383332522
2019-10-13,8321.005859375,-0.001866997061055642
2019-10-14,8374.6865234375,0.006430502888083112
2019-10-15,8205.369140625,-0.020424933726610917
2019-10-16,8047.52685546875,-0.019423891941979576
2019-10-17,8103.9111328125,0.0069819797390682226
2019-10-18,7973.20751953125,-0.01625994007694942
2019-10-19,7988.560546875,0.0019237257444970624
2019-10-20,8222.078125,0.02881240366522242
2019-10-21,8243.720703125,0.002628793271972185
2019-10-22,8078.203125,-0.020282321366639877
2019-10-23,7514.671875,-0.07231210270482968
2019-10-24,7493.48876953125,-0.0028228801699565764
2019-10-25,8660.7001953125,0.14476109386093228
2019-10-26,9244.97265625,0.06528433388686672
2019-10-27,9551.71484375,0.03264079600850067
2019-10-28,9256.1484375,-0.031432676505614765
2019-10-29,9427.6875,0.018362811918532174
2019-10-30,9205.7265625,-0.023825095718830624
2019-10-31,9199.5849609375,-0.0006673727616757219
2019-11-01,9261.1044921875,0.006664947063718785
2019-11-02,9324.7177734375,0.006845382329238703
2019-11-03,9235.3544921875,-0.009629700847412437
2019-11-04,9412.6123046875,0.01901152585439192
2019-11-05,9342.52734375,-0.007473715309565421
2019-11-06,9360.8798828125,0.001962481459161225
2019-11-07,9267.5615234375,-0.010018996001742053
2019-11-08,8804.880859375,-0.051214083806272015
2019-11-09,8813.58203125,0.0009877334517121028
2019-11-10,9055.5263671875,0.02708127536100413
2019-11-11,8757.7880859375,-0.03343184819093992
2019-11-12,8815.662109375,0.006586553240447657
2019-11-13,8808.2626953125,-0.0008397010971492591
2019-11-14,8708.0947265625,-0.01143720218148303
2019-11-15,8491.9921875,-0.025129397563837585
2019-11-16,8550.7607421875,0.006896630827938566
2019-11-17,8577.9755859375,0.0031776852803648836
2019-11-18,8309.2861328125,-0.03182423938339696
2019-11-19,8206.1455078125,-0.012490374838556306
2019-11-20,8027.26806640625,-0.02203907156093976
2019-11-21,7642.75,-0.049086768125686575
2019-11-22,7296.57763671875,-0.04635206471928832
2019-11-23,7397.796875,0.01377681495074512
2019-11-24,7047.9169921875,-0.04845012522266501
2019-11-25,7146.1337890625,0.013839370591339772
2019-11-26,7218.37109375,0.01005783551004491
2019-11-27,7531.66357421875,0.0424866264353021
2019-11-28,7463.10595703125,-0.009144267907922554
2019-11-29,7761.24365234375,0.039170910137082515
2019-11-30,7569.6298828125,-0.024998412204507048
2019-12-01,7424.29248046875,-0.01938678230419022
2019-12-02,7321.98828125,-0.013875477110813605
2019-12-03,7320.1455078125,-0.00025170831980858566
2019-12-04,7252.03466796875,-0.009348132540894838
2019-12-05,7448.3076171875,0.026704767756074332
2019-12-06,7546.99658203125,0.01316283930428419
2019-12-07,7556.23779296875,0.0012237394800749257
2019-12-08,7564.34521484375,0.0010723690545209053
2019-12-09,7400.8994140625,-0.02184425368085563
2019-12-10,7278.11962890625,-0.016728999152695323
2019-12-11,7217.42724609375,-0.008373983817170583
2019-12-12,7243.13427734375,0.0035554716584638157
2019-12-13,7269.6845703125,0.0036588787977542836
2019-12-14,7124.673828125,-0.02014895615359613
2019-12-15,7152.3017578125,0.0038702824709542227
2019-12-16,6932.48046875,-0.03121654791103623
2019-12-17,6640.51513671875,-0.04302813984775078
2019-12-18,7276.802734375,0.09150203958984626
2019-12-19,7202.84423828125,-0.010215599788491403
2019-12-20,7218.81640625,0.0022150257023572095
2019-12-21,7191.15869140625,-0.003838694878929516
2019-12-22,7511.5888671875,0.04359469833307905
2019-12-23,7355.62841796875,-0.020981218944278623
2019-12-24,7322.5322265625,-0.0045095905809819925
2019-12-25,7275.15576171875,-0.006490977368956763
2019-12-26,7238.966796875,-0.00498673477391165
2019-12-27,7290.08837890625,0.0070371806538602755
2019-12-28,7317.990234375,0.0038200628759046396
2019-12-29,7422.65283203125,0.014200785685396511
2019-12-30,7292.9951171875,-0.01762220333369413
2019-12-31,7193.59912109375,-0.013722694823240289
2020-01-01,7200.17431640625,0.000913616682714391
2020-01-02,6985.47021484375,-0.030272928096193752
2020-01-03,7344.88427734375,0.050171745960032155
2020-01-04,7410.65673828125,0.00891500982389637
2020-01-05,7411.3173828125,8.914393268888432e-05
2020-01-06,7769.21923828125,0.04716146723566084
2020-01-07,8163.6923828125,0.0495268893264047
2020-01-08,8079.86279296875,-0.01032167320280486
2020-01-09,7879.0712890625,-0.02516485111441824
2020-01-10,8166.55419921875,0.035837017057327
2020-01-11,8037.53759765625,-0.01592428993077455
2020-01-12,8192.494140625,0.019095619045758738
2020-01-13,8144.1943359375,-0.005913064387263134
2020-01-14,8827.7646484375,0.08059650637836668
2020-01-15,8807.0107421875,-0.0023537488141354146
2020-01-16,8723.7861328125,-0.009494746324859804
2020-01-17,8929.0380859375,0.023255338715641116
2020-01-18,8942.80859375,0.001541028275862999
2020-01-19,8706.2451171875,-0.02680910251619828
2020-01-20,8657.642578125,-0.00559813180609936
2020-01-21,8745.89453125,0.010141927934055772
2020-01-22,8680.8759765625,-0.007461951294766678
2020-01-23,8406.515625,-0.0321153677231969
2020-01-24,8445.4345703125,0.004618933008295301
2020-01-25,8367.84765625,-0.009229306182408692
2020-01-26,8596.830078125,0.026996838102771648
2020-01-27,8909.8193359375,0.03576042498236198
2020-01-28,9358.58984375,0.049140656693548834
2020-01-29,9316.6298828125,-0.004493658672814149
2020-01-30,9508.9931640625,0.02043703691808041
2020-01-31,9350.529296875,-0.016805048675941237
2020-02-01,9392.875,0.004518472151643138
2020-02-02,9344.365234375,-0.005177910236525918
2020-02-03,9293.521484375,-0.005455970077715477
2020-02-04,9180.962890625,-0.01218545364907797
2020-02-05,9613.423828125,0.04602834799275257
2020-02-06,9729.8017578125,0.012033084493943136
2020-02-07,9795.943359375,0.006774835392771905
2020-02-08,9865.119140625,0.007036859447460131
2020-02-09,10116.673828125,0.025179720219250967
2020-02-10,9856.611328125,-0.026042505869956045
2020-02-11,10208.236328125,0.035052446746270505
2020-02-12,10326.0546875,0.011475404940052059
2020-02-13,10214.3798828125,-0.010873762642184204
2020-02-14,10312.1162109375,0.009523015160700865
2020-02-15,9889.4248046875,-0.04185355039924232
2020-02-16,9934.43359375,0.004540878520856495
2020-02-17,9690.142578125,-0.0248977234415797
2020-02-18,10141.99609375,0.04557569247775106
2020-02-19,9633.38671875,-0.051449984043289376
2020-02-20,9608.4755859375,-0.0025892656683303983
2020-02-21,9686.44140625,0.008081532009711623
2020-02-22,9663.181640625,-0.002404158134973855
2020-02-23,9924.515625,0.026685065475790637
2020-02-24,9650.1748046875,-0.028031992193655597
2020-02-25,9341.705078125,-0.03248723753845262
2020-02-26,8820.5224609375,-0.05740768792548856
2020-02-27,8784.494140625,-0.00409296638844836
2020-02-28,8672.455078125,-0.012836217768336766
2020-02-29,8599.5087890625,-0.00844683596417184
2020-03-01,8562.4541015625,-0.004318240904803261
2020-03-02,8869.669921875,0.03525073959015046
2020-03-03,8787.7861328125,-0.009274764811754821
2020-03-04,8755.24609375,-0.0037097436703970033
2020-03-05,9078.7626953125,0.03628484201142079
2020-03-06,9122.5458984375,0.0048110043680758
2020-03-07,8909.9541015625,-0.023579830530350065
2020-03-08,8108.1162109375,-0.09430352876922754
2020-03-09,7923.64453125,-0.023014293291844012
2020-03-10,7909.7294921875,-0.001757685080184146
2020-03-11,7911.43017578125,0.00021498848832735007
2020-03-12,4970.7880859375,-0.4647301753397741
2020-03-13,5563.70703125,0.11268622219754576
2020-03-14,5200.3662109375,-0.06753557004657296
2020-03-15,5392.31494140625,0.03624573263084585
2020-03-16,5014.47998046875,-0.07264505770911889
2020-03-17,5225.62939453125,0.041245525670191796
2020-03-18,5238.4384765625,0.002448204386068298
2020-03-19,6191.19287109375,0.16710432424961397
2020-03-20,6198.7783203125,0.0012244500086868726
2020-03-21,6185.06640625,-0.0022144850761289803
2020-03-22,5830.2548828125,-0.05907702386253
2020-03-23,6416.31494140625,0.09578323765146379
2020-03-24,6734.8037109375,0.04844470857364058
2020-03-25,6681.06298828125,-0.008011559939721025
2020-03-26,6716.4404296875,0.005281211361417348
2020-03-27,6469.79833984375,-0.03741337669931255
2020-03-28,6242.19384765625,-0.03581324079078918
2020-03-29,5922.04296875,-0.05265021330566455
2020-03-30,6429.841796875,0.08226844860278604
2020-03-31,6438.64453125,0.0013681074096147938
2020-04-01,6606.7763671875,0.025777803165675905
2020-04-02,6793.62451171875,0.027888755965960854
2020-04-03,6733.38720703125,-0.008906283829347217
2020-04-04,6867.52734375,0.019725803844387713
2020-04-05,6791.12939453125,-0.011186860819705657
2020-04-06,7271.78125,0.06838401551364903
2020-04-07,7176.41455078125,-0.013201383140758693
2020-04-08,7334.0986328125,0.02173462611620991
2020-04-09,7302.08935546875,-0.004373997983961431
2020-04-10,6865.4931640625,-0.06165264619598432
2020-04-11,6859.0830078125,-0.0009341136128107053
2020-04-12,6971.091796875,0.01619809433930719
2020-04-13,6845.03759765625,-0.018247903368067142
2020-04-14,6842.427734375,-0.00038135085635992994
2020-04-15,6642.10986328125,-0.029712937076682877
2020-04-16,7116.80419921875,0.06902911272643486
2020-04-17,7096.1845703125,-0.0029015210954828063
2020-04-18,7257.6650390625,0.022500902000606615
2020-04-19,7189.4248046875,-0.009446987957284492
2020-04-20,6881.95849609375,-0.043707892619057276
2020-04-21,6880.3232421875,-0.00023764284804528302
2020-04-22,7117.20751953125,0.033849812461733464
2020-04-23,7429.724609375,0.042973347176261
2020-04-24,7550.90087890625,0.016178084496425882
2020-04-25,7569.93603515625,0.002517739780348194
2020-04-26,7679.8671875,0.01441763608332991
2020-04-27,7795.60107421875,0.014957356048027393
2020-04-28,7807.05859375,0.0014686626299020844
2020-04-29,8801.0380859375,0.11984140644428898
2020-04-30,8658.5537109375,-0.01632197818592296
2020-05-01,8864.7666015625,0.023536910446569692
2020-05-02,8988.5966796875,0.01387212727903453
2020-05-03,8897.46875,-0.010189912204170426
2020-05-04,8912.654296875,0.0017052718293886215
2020-05-05,9003.0703125,0.010093566989645808
2020-05-06,9268.76171875,0.029084126239824926
2020-05-07,9951.5185546875,0.07107536685466265
2020-05-08,9842.666015625,-0.01099854717229043
2020-05-09,9593.896484375,-0.02559949751419488
2020-05-10,8756.4306640625,-0.09133874992634539
2020-05-11,8601.7958984375,-0.017817356616017577
2020-05-12,8804.4775390625,0.02328939648252515
2020-05-13,9269.9873046875,0.0515216067309936
2020-05-14,9733.7216796875,0.048814308336528
2020-05-15,9328.197265625,-0.0425545413366315
2020-05-16,9377.013671875,0.005219563387115045
2020-05-17,9670.7392578125,0.030843414668986213
2020-05-18,9726.5751953125,0.005757095071523111
2020-05-19,9729.0380859375,0.00025318046802702554
2020-05-20,9522.9814453125,-0.021407053865040382
2020-05-21,9081.76171875,-0.04743978112005287
2020-05-22,9182.5771484375,0.011039704675422257
2020-05-23,9209.287109375,0.002904542937139709
2020-05-24,8790.3681640625,-0.046555848053543514
2020-05-25,8906.9345703125,0.013173543308948155
2020-05-26,8835.052734375,-0.008103063993219806
2020-05-27,9181.017578125,0.0384109712226941
2020-05-28,9525.7509765625,0.03686071480897368
2020-05-29,9439.1240234375,-0.00913557886418559
2020-05-30,9700.4140625,0.02730538972956431
2020-05-31,9461.05859375,-0.024984292562995947
2020-06-01,10167.2685546875,0.07198931640233752
2020-06-02,9529.8037109375,-0.0647494748028361
2020-06-03,9656.7177734375,0.01322969499089588
2020-06-04,9800.63671875,0.014793539385651755
2020-06-05,9665.533203125,-0.013881075272664134
2020-06-06,9653.6796875,-0.0012271221586050984
2020-06-07,9758.8525390625,0.010835668358636141
2020-06-08,9771.4892578125,0.001294060354382509
2020-06-09,9795.7001953125,0.002474647666023344
2020-06-10,9870.0947265625,0.007565917007305245
2020-06-11,9321.78125,-0.05715571914128326
2020-06-12,9480.84375,0.016919583790143022
2020-06-13,9475.27734375,-0.0005872938226616498
2020-06-14,9386.7880859375,-0.009382843818569242
2020-06-15,9450.7021484375,0.00678586233768641
2020-06-16,9538.0244140625,0.009197339368025581
2020-06-17,9480.2548828125,-0.006075177257296005
2020-06-18,9411.8408203125,-0.007242643975011731
2020-06-19,9288.0185546875,-0.013243316204146538
2020-06-20,9332.3408203125,0.00476063307275254
2020-06-21,9303.6298828125,-0.0030812411837963793
2020-06-22,9648.7177734375,0.0364203993156309
2020-06-23,9629.658203125,-0.001977301049160829
2020-06-24,9313.6103515625,-0.03337092327378066
2020-06-25,9264.8134765625,-0.0052530814953222205
2020-06-26,9162.91796875,-0.011059043986902495
2020-06-27,9045.390625,-0.012909378740094013
2020-06-28,9143.58203125,0.010796911071169646
2020-06-29,9190.8544921875,0.005156696867222976
2020-06-30,9137.9931640625,-0.005768117633966341
2020-07-01,9228.3251953125,0.009836784692076606
2020-07-02,9123.41015625,-0.011433924918010874
2020-07-03,9087.3037109375,-0.0039654121072665305
2020-07-04,9132.48828125,0.004959953765061087
2020-07-05,9073.9423828125,-0.006431364974035958
2020-07-06,9375.474609375,0.03269036405452752
2020-07-07,9252.27734375,-0.01322747502849353
2020-07-08,9428.3330078125,0.018849585054621087
2020-07-09,9277.9677734375,-0.016076772716191456
2020-07-10,9278.8076171875,9.051613040611528e-05
2020-07-11,9240.3466796875,-0.004153644618959618
2020-07-12,9276.5,0.0039049160883397604
2020-07-13,9243.6142578125,-0.00355135786885441
2020-07-14,9243.2138671875,-4.331631390286361e-05
2020-07-15,9192.8369140625,-0.0054650618081169
2020-07-16,9132.2275390625,-0.0066149394632759595
2020-07-17,9151.392578125,0.0020964170070048027
2020-07-18,9159.0400390625,0.0008353119275827936
2020-07-19,9185.8173828125,0.0029193317943754238
2020-07-20,9164.2314453125,-0.0023526855605595642
2020-07-21,9374.8876953125,0.02272657241900866
2020-07-22,9525.36328125,0.01592346743118611
2020-07-23,9581.072265625,0.005831453188376301
2020-07-24,9536.892578125,-0.004621806400933792
2020-07-25,9677.11328125,0.014595935230039103
2020-07-26,9905.1669921875,0.023292897324559192
2020-07-27,10990.873046875,0.10400866598506298
2020-07-28,10912.8232421875,-0.007126663372122977
2020-07-29,11100.4677734375,0.01704870717725271
2020-07-30,11111.2138671875,0.0009676074745073038
2020-07-31,11323.466796875,0.01892242337372707
2020-08-01,11759.5927734375,0.037792033732147345
2020-08-02,11053.6142578125,-0.06191185712282632
2020-08-03,11246.3486328125,0.01728605335624067
2020-08-04,11205.892578125,-0.0036037470015539697
2020-08-05,11747.0224609375,0.04716003790353618
2020-08-06,11779.7734375,0.0027841443313860736
2020-08-07,11601.47265625,-0.01525190204918836
2020-08-08,11754.0458984375,0.013065469924047335
2020-08-09,11675.7392578125,-0.006684391826166092
2020-08-10,11878.111328125,0.017184200904589275
2020-08-11,11410.525390625,-0.04016111286278701
2020-08-12,11584.9345703125,0.015169300755772497
2020-08-13,11784.1376953125,0.017048853955415666
2020-08-14,11768.87109375,-0.0012963612281762238
2020-08-15,11865.6982421875,0.008193734253124418
2020-08-16,11892.8037109375,0.0022817499658511764
2020-08-17,12254.40234375,0.029951760409884898
2020-08-18,11991.2333984375,-0.021709414754999656
2020-08-19,11758.283203125,-0.019617886991365907
2020-08-20,11878.3720703125,0.010161327741759152
2020-08-21,11592.4892578125,-0.0243618627931248
2020-08-22,11681.8251953125,0.0076768212803930425
2020-08-23,11664.84765625,-0.0014543864269729312
2020-08-24,11774.595703125,0.009364458635236161
2020-08-25,11366.134765625,-0.03530600440853249
2020-08-26,11488.36328125,0.010696334763965254
2020-08-27,11323.3974609375,-0.014463477673961833
2020-08-28,11542.5,0.019164718595602537
2020-08-29,11506.865234375,-0.0030920412474539916
2020-08-30,11711.505859375,0.017627931208673786
2020-08-31,11680.8203125,-0.002623558191723774
2020-09-01,11970.478515625,0.02449528784504018
2020-09-02,11414.0341796875,-0.04759982836281473
2020-09-03,10245.296875,-0.108024907829682
2020-09-04,10511.8134765625,0.02568095890557487
2020-09-05,10169.5673828125,-0.03310004713411807
2020-09-06,10280.3515625,0.010834787536524004
2020-09-07,10369.5634765625,0.00864046839153687
2020-09-08,10131.5166015625,-0.023223905590111116
2020-09-09,10242.34765625,0.010879835709758368
2020-09-10,10363.138671875,0.011724294913523892
2020-09-11,10400.9150390625,0.0036386352484214513
2020-09-12,10442.1708984375,0.003958714499077587
2020-09-13,10323.755859375,-0.011404867595945944
2020-09-14,10680.837890625,0.034003650927763474
2020-09-15,10796.951171875,0.010812510742823633
2020-09-16,10974.9052734375,0.016347532426243205
2020-09-17,10948.990234375,-0.0023640918305822822
2020-09-18,10944.5859375,-0.000402336913788659
2020-09-19,11094.3466796875,0.013590771382837374
2020-09-20,10938.271484375,-0.014167885530092406
2020-09-21,10462.259765625,-0.044493310828050525
2020-09-22,10538.4599609375,0.007256944592073822
2020-09-23,10246.1865234375,-0.028125828810468434
2020-09-24,10760.06640625,0.0489361364351204
2020-09-25,10692.716796875,-0.006278889783731145
2020-09-26,10750.7236328125,0.005410230472936206
2020-09-27,10775.26953125,0.0022805831897407813
2020-09-28,10709.65234375,-0.006108227146349066
2020-09-29,10844.640625,0.012525583307516186
2020-09-30,10784.4912109375,-0.005561903231040333
2020-10-01,10619.4521484375,-0.01542167540122108
2020-10-02,10575.974609375,-0.0041025453782754795
2020-10-03,10549.3291015625,-0.002522616697699931
2020-10-04,10669.5830078125,0.011334718114117237
2020-10-05,10793.33984375,0.011532279024732972
2020-10-06,10604.40625,-0.01765966406225239
2020-10-07,10668.96875,0.006069812450622436
2020-10-08,10915.685546875,0.0228613846473138
2020-10-09,11064.4580078125,0.01353719392318986
2020-10-10,11296.361328125,0.02074267777372718
2020-10-11,11384.181640625,0.0077441489400023045
2020-10-12,11555.36328125,0.014924866101628353
2020-10-13,11425.8994140625,-0.011267025530866448
2020-10-14,11429.5068359375,0.00031567340046478876
2020-10-15,11495.349609375,0.005744241377636072
2020-10-16,11322.123046875,-0.015183968290795491
2020-10-17,11358.1015625,0.0031726798498965536
2020-10-18,11483.359375,0.010967693217915908
2020-10-19,11742.037109375,0.022276341465063965
2020-10-20,11916.3349609375,0.01473482660524894
2020-10-21,12823.689453125,0.07338405430586903
2020-10-22,12965.8916015625,0.011027987566796682
2020-10-23,12931.5390625,-0.0026529704553777123
2020-10-24,13108.0625,0.01355828284978422
2020-10-25,13031.173828125,-0.0058830252475114975
2020-10-26,13075.248046875,0.003376507193094014
2020-10-27,13654.21875,0.04332755896265361
2020-10-28,13271.28515625,-0.02844584941845696
2020-10-29,13437.8828125,0.012475103458648107
2020-10-30,13546.5224609375,0.008052075583307783
2020-10-31,13780.9951171875,0.017160608140629918
2020-11-01,13737.109375,-0.003189593193523521
2020-11-02,13550.4892578125,-0.01367823012311753
2020-11-03,13950.30078125,0.02907841515337317
2020-11-04,14133.70703125,0.013061444695718905
2020-11-05,15579.8486328125,0.09741581080424488
2020-11-06,15565.880859375,-0.0008969303080483826
2020-11-07,14833.75390625,-0.048176141274296924
2020-11-08,15479.5673828125,0.04261566759184454
2020-11-09,15332.3154296875,-0.009558200327299815
2020-11-10,15290.90234375,-0.0027046871096150227
2020-11-11,15701.33984375,0.026488015591814573
2020-11-12,16276.34375,0.035966700891263415
2020-11-13,16317.80859375,0.002544313205715909
2020-11-14,16068.138671875,-0.015418716403051036
2020-11-15,15955.587890625,-0.00702924092609436
2020-11-16,16716.111328125,0.04656389869041355
2020-11-17,17645.40625,0.05410247584413774
2020-11-18,17804.005859375,0.00894799987636219
2020-11-19,17817.08984375,0.0007346200168818484
2020-11-20,18621.314453125,0.04414876269819423
2020-11-21,18642.232421875,0.0011227042351791283
2020-11-22,18370.001953125,-0.014710561659747157
2020-11-23,18364.12109375,-0.0003201850997101019
2020-11-24,19107.46484375,0.03968026776556144
2020-11-25,18732.12109375,-0.01983933237463731
2020-11-26,17150.623046875,-0.0882052536237854
2020-11-27,17108.40234375,-0.002464794256027858
2020-11-28,17717.4140625,0.03497829330026647
2020-11-29,18177.484375,0.025635704702411388
2020-11-30,19625.8359375,0.07666315234015286
2020-12-01,18802.998046875,-0.04283053060242814
2020-12-02,19201.091796875,0.020950814137307816
2020-12-03,19445.3984375,0.012643316046181852
2020-12-04,18699.765625,-0.03909946752423288
2020-12-05,19154.23046875,0.024012613075875322
2020-12-06,19345.12109375,0.009916644389898366
2020-12-07,19191.630859375,-0.00796595656131771
2020-12-08,18321.14453125,-0.046418459556244684
2020-12-09,18553.916015625,0.01262504102957962
2020-12-10,18264.9921875,-0.015694640220806022
2020-12-11,18058.904296875,-0.011347356530151842
2020-12-12,18803.65625,0.04041245632345891
2020-12-13,19142.3828125,0.017853539827285658
2020-12-14,19246.64453125,0.005431863337978626
2020-12-15,19417.076171875,0.008816158477202407
2020-12-16,21310.59765625,0.09305159757677828
2020-12-17,22805.162109375,0.06778242711074967
2020-12-18,23137.9609375,0.014487680725324026
2020-12-19,23869.83203125,0.031140804146840395
2020-12-20,23477.294921875,-0.01658162294561727
2020-12-21,22803.08203125,-0.02913807693232684
2020-12-22,23783.029296875,0.0420765679457773
2020-12-23,23241.345703125,-0.023039436663008672
2020-12-24,23735.94921875,0.02105790865039303
2020-12-25,24664.791015625,0.03838601817057885
2020-12-26,26437.037109375,0.06938918605018252
2020-12-27,26272.294921875,-0.006250988870124985
2020-12-28,27084.80859375,0.030458043294242287
2020-12-29,27362.4375,0.010198176486275301
2020-12-30,28840.953125,0.052625181889350614
2020-12-31,29001.720703125,0.005558802229053583
2021-01-01,29374.15234375,0.012759952848226064
2021-01-02,32127.267578125,0.08959001114880749
2021-01-03,32782.0234375,0.02017517240339295
2021-01-04,31971.9140625,-0.025022467355816147
2021-01-05,33992.4296875,0.06128001171320463
2021-01-06,36824.36328125,0.08002182823087978
2021-01-07,39371.04296875,0.06687092425852725
2021-01-08,40797.609375,0.03559288987944953
2021-01-09,40254.546875,-0.013400522620514721
2021-01-10,38356.44140625,-0.0483004859568652
2021-01-11,35566.65625,-0.07551390060372576
2021-01-12,33922.9609375,-0.0473164778588302
2021-01-13,37316.359375,0.0953397207362574
2021-01-14,39187.328125,0.04892161277885165
2021-01-15,36825.3671875,-0.062166498972308304
2021-01-16,36178.140625,-0.01773184714361875
2021-01-17,35791.27734375,-0.010750872199338346
2021-01-18,36630.07421875,0.02316538885922803
2021-01-19,36069.8046875,-0.015413522880193042
2021-01-20,35547.75,-0.014579216975338483
2021-01-21,30825.69921875,-0.14252813081835924
2021-01-22,33005.76171875,0.0683334114753027
2021-01-23,32067.642578125,-0.028834641394270832
2021-01-24,32289.37890625,0.006890847351744611
2021-01-25,32366.392578125,0.0023822686367900303
2021-01-26,32569.849609375,0.006266383460683755
2021-01-27,30432.546875,-0.06787434522440883
2021-01-28,33466.09765625,0.09502025954716942
2021-01-29,34316.38671875,0.02509007084781878
2021-01-30,34269.5234375,-0.0013665573129024722
2021-01-31,33114.359375,-0.03428942338957164
2021-02-01,33537.17578125,0.012687542067995494
2021-02-02,35510.2890625,0.05716793887942018
2021-02-03,37472.08984375,0.053773897801539405
2021-02-04,36926.06640625,-0.014678676703823612
2021-02-05,38144.30859375,0.03245885330843379
2021-02-06,39266.01171875,0.028982741281131652
2021-02-07,38903.44140625,-0.00927658818340582
2021-02-08,46196.46484375,0.1718205618881239
2021-02-09,46481.10546875,0.0061426193854519084
2021-02-10,44918.18359375,-0.03420320342962846
2021-02-11,47909.33203125,0.06446761605839413
2021-02-12,47504.8515625,-0.008478464657924789
2021-02-13,47105.515625,-0.00844174525182062
2021-02-14,48717.2890625,0.03364387990623818
2021-02-15,47945.05859375,-0.015978235928811202
2021-02-16,49199.87109375,0.025835260740748822
2021-02-17,52149.0078125,0.05821415216952097
2021-02-18,51679.796875,-0.009038226589304088
2021-02-19,55888.1328125,0.07828513543693205
2021-02-20,56099.51953125,0.0037751835203785333
2021-02-21,57539.9453125,0.025352159710532618
2021-02-22,54207.3203125,-0.05966344725525374
2021-02-23,48824.42578125,-0.10458524450100981
2021-02-24,49705.33203125,0.0178814957381217
2021-02-25,47093.8515625,-0.05396975925205183
2021-02-26,46339.76171875,-0.016142075456887284
2021-02-27,46188.453125,-0.003270542479990368
2021-02-28,45137.76953125,-0.023010476566760474
2021-03-01,49631.2421875,0.09490116032713836
2021-03-02,48378.98828125,-0.025554925208490786
2021-03-03,50538.2421875,0.043664727693901284
2021-03-04,48561.16796875,-0.03990612219912748
2021-03-05,48927.3046875,0.0075114201765362765
2021-03-06,48912.3828125,-0.0003050270395785759
2021-03-07,51206.69140625,0.04583962336068126
2021-03-08,52246.5234375,0.02010313651550355
2021-03-09,54824.1171875,0.048156840253234634
2021-03-10,56008.55078125,0.021374179798028692
2021-03-11,57805.12109375,0.03157300039029742
2021-03-12,57332.08984375,-0.00821687285311512
2021-03-13,61243.0859375,0.0659904612617126
2021-03-14,59302.31640625,-0.0322025926592886
2021-03-15,55907.19921875,-0.05895520841682256
2021-03-16,56804.90234375,0.015929471547609708
2021-03-17,58870.89453125,0.03572418708035663
2021-03-18,57858.921875,-0.017339151916612394
2021-03-19,58346.65234375,0.008394319050578858
2021-03-20,58313.64453125,-0.0005658791253750906
2021-03-21,57523.421875,-0.01364390413984573
2021-03-22,54529.14453125,-0.05345688104443269
2021-03-23,54738.9453125,0.0038401154329434917
2021-03-24,52774.265625,-0.03655175777765862
2021-03-25,51704.16015625,-0.020485432915554824
2021-03-26,55137.3125,0.06428841931989204
2021-03-27,55973.51171875,0.015051908974824002
2021-03-28,55950.74609375,-0.0004068041327034422
2021-03-29,57750.19921875,0.03165502939331688
2021-03-30,58917.69140625,0.020014609919984494
2021-03-31,58918.83203125,1.9359447593458867e-05
2021-04-01,59095.80859375,0.002999232878687863
2021-04-02,59384.3125,0.004870090844088182
2021-04-03,57603.890625,-0.030439981167967645
2021-04-04,58758.5546875,0.01984664313237694
2021-04-05,59057.87890625,0.005081207326213644
2021-04-06,58192.359375,-0.014763897549620708
2021-04-07,56048.9375,-0.037528870853165586
2021-04-08,58323.953125,0.039787675704227254
2021-04-09,58245.00390625,-0.0013545498361153818
2021-04-10,59793.234375,0.02623419809666494
2021-04-11,60204.96484375,0.0068623043874040945
2021-04-12,59893.453125,-0.005187618998144572
2021-04-13,63503.45703125,0.058527143450268326
2021-04-14,63109.6953125,-0.006219938149170545
2021-04-15,63314.01171875,0.00323225111697667
2021-04-16,61572.7890625,-0.027886621874568363
2021-04-17,60683.8203125,-0.01454292610140584
2021-04-18,56216.18359375,-0.07647243109811974
2021-04-19,55724.265625,-0.008788979117795748
2021-04-20,56473.03125,0.013347500558966274
2021-04-21,53906.08984375,-0.04651974554182736
2021-04-22,51762.2734375,-0.040581883746806824
2021-04-23,51093.65234375,-0.013001302685205829
2021-04-24,50050.8671875,-0.020620437180109974
2021-04-25,49004.25390625,-0.02113272327896709
2021-04-26,54021.75390625,0.0974797068019555
2021-04-27,55033.1171875,0.01854831914865329
2021-04-28,54824.703125,-0.0037942553737355666
2021-04-29,53555.109375,-0.0234296738251345
2021-04-30,57750.17578125,0.0754151877209619
2021-05-01,57828.05078125,0.0013475723603129097
2021-05-02,56631.078125,-0.020916047590224807
2021-05-03,57200.29296875,0.01000110220540229
2021-05-04,53333.5390625,-0.06999363622377608
2021-05-05,57424.0078125,0.07389708647447613
2021-05-06,56396.515625,-0.01805509355764201
2021-05-07,57356.40234375,0.01687709678143534
2021-05-08,58803.77734375,0.0249216197027895
2021-05-09,58232.31640625,-0.00976562803402814
2021-05-10,55859.796875,-0.04159554115971531
2021-05-11,56704.57421875,0.015009957344290115
2021-05-12,49150.53515625,-0.1429671467730369
2021-05-13,49716.19140625,0.01144292811009251
2021-05-14,49880.53515625,0.003300186759766177
2021-05-15,46760.1875,-0.06459870319528349
2021-05-16,46456.05859375,-0.006525257090235215
2021-05-17,43537.51171875,-0.0648839844864657
2021-05-18,42909.40234375,-0.014531934084628162
2021-05-19,37002.44140625,-0.14810707635188614
2021-05-20,40782.73828125,0.09727501612396061
2021-05-21,37304.69140625,-0.08913981683679317
2021-05-22,37536.6328125,0.006198237437244458
2021-05-23,34770.58203125,-0.07654564579833334
2021-05-24,38705.98046875,0.10722243682664256
2021-05-25,38402.22265625,-0.007878782581023813
2021-05-26,39294.19921875,0.02296156581276776
2021-05-27,38436.96875,-0.02205718107153487
2021-05-28,35697.60546875,-0.07393611150144253
2021-05-29,34616.06640625,-0.03076569154215214
2021-05-30,35678.12890625,0.030219944078986316
2021-05-31,37332.85546875,0.04533591723246566
2021-06-01,36684.92578125,-0.017507853573118126
2021-06-02,37575.1796875,0.023977788702314484
2021-06-03,39208.765625,0.042556616951369364
2021-06-04,36894.40625,-0.060840387267125706
2021-06-05,35551.95703125,-0.03706474257477588
2021-06-06,35862.37890625,0.00869359985018825
2021-06-07,33560.70703125,-0.06633285563534308
2021-06-08,33472.6328125,-0.0026277750634573493
2021-06-09,37345.12109375,0.10947410238213884
2021-06-10,36702.59765625,-0.017354742993129335
2021-06-11,37334.3984375,0.017067578415986162
2021-06-12,35552.515625,-0.04890419504040544
2021-06-13,39097.859375,0.09505680129465688
2021-06-14,40218.4765625,0.028258787966320753
2021-06-15,40406.26953125,0.0046584533275275675
2021-06-16,38347.0625,-0.05230703159614336
2021-06-17,38053.50390625,-0.007684760787668665
2021-06-18,35787.24609375,-0.0614015913917374
2021-06-19,35615.87109375,-0.004800219817294504
2021-06-20,35698.296875,0.002311625313792476
2021-06-21,31676.693359375,-0.11952179584867828
2021-06-22,32505.66015625,0.025833047609392423
2021-06-23,33723.02734375,0.03676667515561327
2021-06-24,34662.4375,0.027475699857644642
2021-06-25,31637.779296875,-0.09130465397426413
2021-06-26,32186.27734375,0.017188238400922984
2021-06-27,34649.64453125,0.07374727447930951
2021-06-28,34434.3359375,-0.00623326245575484
2021-06-29,35867.77734375,0.04078512112413968
2021-06-30,35040.8359375,-0.023325202965851943
2021-07-01,33572.1171875,-0.042818245600875215
2021-07-02,33897.046875,0.009632020913439732
2021-07-03,34668.546875,0.022504948021344617
2021-07-04,35287.78125,0.017703918010917974
2021-07-05,33746.00390625,-0.04467475626166717
2021-07-06,34235.1953125,0.014392210079462231
2021-07-07,33855.328125,-0.011157826650300962
2021-07-08,32877.37109375,-0.029311778537964628
2021-07-09,33798.01171875,0.0276173634478738
2021-07-10,33520.51953125,-0.008244201233594595
2021-07-11,34240.1875,0.021242252673875583
2021-07-12,33155.84765625,-0.03218092634783076
2021-07-13,32702.025390625,-0.0137820864258007
2021-07-14,32822.34765625,0.0036725998364310897
2021-07-15,31780.73046875,-0.03224946835684328
2021-07-16,31421.5390625,-0.011366530858486712
2021-07-17,31533.068359375,0.0035431692173464313
2021-07-18,31796.810546875,0.008329203113175865
2021-07-19,30817.83203125,-0.03127250298871154
2021-07-20,29807.34765625,-0.033338555734211184
2021-07-21,32110.693359375,0.0744341723569324
2021-07-22,32313.10546875,0.006283788882168295
2021-07-23,33581.55078125,0.038503942271905345
2021-07-24,34292.4453125,0.020948244356670642
2021-07-25,35350.1875,0.030378619797657436
2021-07-26,37337.53515625,0.05469542869161259
2021-07-27,39406.94140625,0.053942853488036846
2021-07-28,39995.90625,0.014835126516453911
2021-07-29,40008.421875,0.0003128737005972937
2021-07-30,42235.546875,0.054172230652618225
2021-07-31,41626.1953125,-0.014532545375150363
2021-08-01,39974.89453125,-0.040478043755713955
2021-08-02,39201.9453125,-0.01952524946480949
2021-08-03,38152.98046875,-0.027122491205131993
2021-08-04,39747.50390625,0.04094316463847747
2021-08-05,40869.5546875,0.027838357371246403
2021-08-06,42816.5,0.04653814062641537
2021-08-07,44555.80078125,0.03981881145877608
2021-08-08,43798.1171875,-0.01715152390208985
2021-08-09,46365.40234375,0.05696271209006909
2021-08-10,45585.03125,-0.016974141392609
2021-08-11,45593.63671875,0.00018876057234251675
2021-08-12,44428.2890625,-0.025891753544200924
2021-08-13,47793.3203125,0.0730094797189178
2021-08-14,47096.9453125,-0.01467774375797326
2021-08-15,47047.00390625,-0.0010609584864251786
2021-08-16,46004.484375,-0.022408306921166243
2021-08-17,44695.359375,-0.0288691990345864
2021-08-18,44801.1875,0.002364966650011624
2021-08-19,46717.578125,0.0418858533323494
2021-08-20,49339.17578125,0.054597906983852695
2021-08-21,48905.4921875,-0.008828701235467307
2021-08-22,49321.65234375,0.008473475397265062
2021-08-23,49546.1484375,0.004541346683280878
2021-08-24,47706.1171875,-0.037844894330950396
2021-08-25,48960.7890625,0.025960121950429738
2021-08-26,46942.21875,-0.04210229745237548
2021-08-27,49058.66796875,0.044099430302267706
2021-08-28,48902.40234375,-0.0031903644385735674
2021-08-29,48829.83203125,-0.0014850847584071403
2021-08-30,47054.984375,-0.03702463994727623
2021-08-31,47166.6875,0.0023710718587306445
2021-09-01,48847.02734375,0.035005653788017455
2021-09-02,49327.72265625,0.009792724788171725
2021-09-03,50025.375,0.014044128006187151
2021-09-04,49944.625,-0.001615484996733585
2021-09-05,51753.41015625,0.03557543501667304
2021-09-06,52633.53515625,0.016863140380221964
2021-09-07,46811.12890625,-0.11723249529729962
2021-09-08,46091.390625,-0.015494793572990773
2021-09-09,46391.421875,0.006488390533952781
2021-09-10,44883.91015625,-0.03303518664446514
2021-09-11,45201.45703125,0.007049939410356032
2021-09-12,46063.26953125,0.01888655452823862
2021-09-13,44963.07421875,-0.024174296052118294
2021-09-14,47092.4921875,0.04627200677790988
2021-09-15,48176.34765625,0.02275460131450835
2021-09-16,47783.359375,-0.008190739435939065
2021-09-17,47267.51953125,-0.010854079709277542
2021-09-18,48278.36328125,0.021160126154024184
2021-09-19,47260.21875,-0.021314594702564804
2021-09-20,42843.80078125,-0.09810793836995657
2021-09-21,40693.67578125,-0.05148826786332528
2021-09-22,43574.5078125,0.06839960199678252
2021-09-23,44895.09765625,0.02985630902322356
2021-09-24,42839.75,-0.04686219528987401
2021-09-25,42716.59375,-0.002878952738409879
2021-09-26,43208.5390625,0.011450682044497285
2021-09-27,42235.73046875,-0.022771582829570036
2021-09-28,41034.54296875,-0.028852332947741033
2021-09-29,41564.36328125,0.012828924814572318
2021-09-30,43790.89453125,0.05218276011816414
2021-10-01,48116.94140625,0.09420841893127907
2021-10-02,47711.48828125,-0.008462113921140713
2021-10-03,48199.953125,0.010185835179136404
2021-10-04,49112.90234375,0.01876372859342723
2021-10-05,51514.8125,0.047747610534685236
2021-10-06,55361.44921875,0.07201410137731123
2021-10-07,53805.984375,-0.028498794333346567
2021-10-08,53967.84765625,0.0030037607441677494
2021-10-09,54968.22265625,0.018366792910816443
2021-10-10,54771.578125,-0.003583836316876088
2021-10-11,57484.7890625,0.04834896270757305
2021-10-12,56041.05859375,-0.025435763506084896
2021-10-13,57401.09765625,0.02397881481648234
2021-10-14,57321.5234375,-0.0013872457018972995
2021-10-15,61593.94921875,0.07188745837457944
2021-10-16,60892.1796875,-0.011458884632588706
2021-10-17,61553.6171875,0.010803865067540386
2021-10-18,62026.078125,0.0076462923492908175
2021-10-19,64261.9921875,0.0354134436604987
2021-10-20,65992.8359375,0.026577834542036882
2021-10-21,62210.171875,-0.059027668390729815
2021-10-22,60692.265625,-0.024702251082704407
2021-10-23,61393.6171875,0.011489604888575755
2021-10-24,60930.8359375,-0.007566491344887183
2021-10-25,63039.82421875,0.03402727333400435
2021-10-26,60363.79296875,-0.043377186101063
2021-10-27,58482.38671875,-0.03166384386368293
2021-10-28,60622.13671875,0.03593449158802464
2021-10-29,62227.96484375,0.02614437550515447
2021-10-30,61888.83203125,-0.005464750380490102
2021-10-31,61318.95703125,-0.009250698649358569
2021-11-01,61004.40625,-0.005142950065019747
2021-11-02,63226.40234375,0.03577587734847398
2021-11-03,62970.046875,-0.004062805617151
2021-11-04,61452.23046875,-0.024399034254608765
2021-11-05,61125.67578125,-0.005328129187967434
2021-11-06,61527.48046875,0.006551908440947329
2021-11-07,63326.98828125,0.028827681539784322
2021-11-08,67566.828125,0.06480556096155787
2021-11-09,66971.828125,-0.00884509918220111
2021-11-10,64995.23046875,-0.02995816542044416
2021-11-11,64949.9609375,-0.0006967481072823745
2021-11-12,64155.94140625,-0.012300437518714347
2021-11-13,64469.52734375,0.004875963708276032
2021-11-14,65466.83984375,0.015351084638069779
2021-11-15,63557.87109375,-0.029592905846715922
2021-11-16,60161.24609375,-0.054922454251583375
2021-11-17,60368.01171875,0.0034309649222326044
2021-11-18,56942.13671875,-0.058423750403308716
2021-11-19,58119.578125,0.020466973046305625
2021-11-20,59697.1953125,0.026782459618040377
2021-11-21,58730.4765625,-0.016326255638853482
2021-11-22,56289.2890625,-0.04245451447744841
2021-11-23,57569.07421875,0.022481248103211726
2021-11-24,56280.42578125,-0.022638719964637843
2021-11-25,57274.6796875,0.017511838160780613
2021-11-26,53569.765625,-0.06687380102128238
2021-11-27,54815.078125,0.02298046960742184
2021-11-28,57248.45703125,0.043435386277888455
2021-11-29,57806.56640625,0.009701684218224926
2021-11-30,57005.42578125,-0.013955922421075684
2021-12-01,57229.828125,0.003928780734842263
2021-12-02,56477.81640625,-0.013227302108742123
2021-12-03,53598.24609375,-0.05233158566534257
2021-12-04,49200.703125,-0.08560843085516368
2021-12-05,49368.84765625,0.003411696472447545
2021-12-06,50582.625,0.02428852685142857
2021-12-07,50700.0859375,0.0023194677368660876
2021-12-08,50504.796875,-0.0038592862213864265
2021-12-09,47672.12109375,-0.0577215558084756
2021-12-10,47243.3046875,-0.009035819421615798
2021-12-11,49362.5078125,0.04388024071672447
2021-12-12,50098.3359375,0.014796607838164277
2021-12-13,46737.48046875,-0.06944137030817465
2021-12-14,46612.6328125,-0.0026748276204262567
2021-12-15,48896.72265625,0.04783877809998138
2021-12-16,47665.42578125,-0.02550406419845963
2021-12-17,46202.14453125,-0.03118009325604021
2021-12-18,46848.77734375,0.013898695656308746
2021-12-19,46707.015625,-0.0030305301841355714
2021-12-20,46880.27734375,0.003702680378991019
2021-12-21,48936.61328125,0.04292879288746754
2021-12-22,48628.51171875,-0.006315834406489529
2021-12-23,50784.5390625,0.04338193932958667
2021-12-24,50822.1953125,0.0007412156675563608
2021-12-25,50429.859375,-0.007749727198993028
2021-12-26,50809.515625,0.007500204929835164
2021-12-27,50640.41796875,-0.003333620966692763
2021-12-28,47588.85546875,-0.0621514265119778
2021-12-29,46444.7109375,-0.024336011956341608
2021-12-30,47178.125,0.015667738713133872
2021-12-31,46306.4453125,-0.018649172756866506
2022-01-01,47686.8125,0.0293737331477697
2022-01-02,47345.21875,-0.007189054400020822
2022-01-03,46458.1171875,-0.01891463669576332
2022-01-04,45897.57421875,-0.012138934663861178
2022-01-05,43569.00390625,-0.05206628845481376
2022-01-06,43160.9296875,-0.009410297303588777
2022-01-07,41557.90234375,-0.037847988650375086
2022-01-08,41733.94140625,0.0042270483325967945
2022-01-09,41911.6015625,0.004247935206112885
2022-01-10,41821.26171875,-0.002157811766201334
2022-01-11,42735.85546875,0.02163341063743829
2022-01-12,43949.1015625,0.027993907251913086
2022-01-13,42591.5703125,-0.03137582795207017
2022-01-14,43099.69921875,0.011859664695821337
2022-01-15,43177.3984375,0.001801155622210615
2022-01-16,43113.87890625,-0.0014722123644013152
2022-01-17,42250.55078125,-0.020227571699049207
2022-01-18,42375.6328125,0.0029561092566119385
2022-01-19,41744.328125,-0.015009910442870478
2022-01-20,40680.41796875,-0.025816743095603556
2022-01-21,36457.31640625,-0.10960468291544068
2022-01-22,35030.25,-0.039930188839646164
2022-01-23,36276.8046875,0.03496657378118151
2022-01-24,36654.328125,0.010352967106697974
2022-01-25,36954.00390625,0.008142486826951512
2022-01-26,36852.12109375,-0.002760824449564936
2022-01-27,37138.234375,0.007733837890786077
2022-01-28,37784.33203125,0.01724750509041506
2022-01-29,38138.1796875,0.009321351739208339
2022-01-30,37917.6015625,-0.005800446457154607
2022-01-31,38483.125,0.014804408066392938
2022-02-01,38743.2734375,0.0067373185026333715
2022-02-02,36952.984375,-0.04731073995912283
2022-02-03,37154.6015625,0.0054412158319916415
2022-02-04,41500.875,0.11062688345744753
2022-02-05,41441.1640625,-0.0014398234837340596
2022-02-06,42412.43359375,0.023166876517578316
2022-02-07,43840.28515625,0.0331115827095374
2022-02-08,44118.4453125,0.006324808965338491
2022-02-09,44338.796875,0.004982113681997191
2022-02-10,43565.11328125,-0.017603393781389087
2022-02-11,42407.9375,-0.026921126055171385
2022-02-12,42244.46875,-0.0038621218328671603
2022-02-13,42197.515625,-0.0011120802095430093
2022-02-14,42586.91796875,0.009185768314631915
2022-02-15,44575.203125,0.04563060448723988
2022-02-16,43961.859375,-0.013855295049898686
2022-02-17,40538.01171875,-0.08108233071910398
2022-02-18,40030.9765625,-0.012586526423760347
2022-02-19,40122.15625,0.002275138191892623
2022-02-20,38431.37890625,-0.043054421746525406
2022-02-21,37075.28125,-0.03592381094835417
2022-02-22,38286.02734375,0.03213453434150715
2022-02-23,37296.5703125,-0.02618363461542117
2022-02-24,38332.609375,0.027399579951550734
2022-02-25,39214.21875,0.022738450595305437
2022-02-26,39105.1484375,-0.0027852723260775036
2022-02-27,37709.78515625,-0.03633451792442699
2022-02-28,43193.234375,0.13576425730332176
2022-03-01,44354.63671875,0.02653338033252517
2022-03-02,43924.1171875,-0.00975371593540686
2022-03-03,42451.7890625,-0.03409447865241333
2022-03-04,39137.60546875,-0.08128527556523579
2022-03-05,39400.5859375,0.0066969062286332814
2022-03-06,38419.984375,-0.025202937052357655
2022-03-07,38062.0390625,-0.009360315270734887
2022-03-08,38737.26953125,0.017584738215960627
2022-03-09,41982.92578125,0.0804608330138592
2022-03-10,39437.4609375,-0.06254685680053029
2022-03-11,38794.97265625,-0.016425482290646443
2022-03-12,38904.01171875,0.002806706804667769
2022-03-13,37849.6640625,-0.027475269974985395
2022-03-14,39666.75390625,0.04689129940953407
2022-03-15,39338.78515625,-0.008302471898177899
2022-03-16,41143.9296875,0.04486546767419952
2022-03-17,40951.37890625,-0.0046909168777933274
2022-03-18,41801.15625,0.020538517974936
2022-03-19,42190.65234375,0.009274687432013096
2022-03-20,41247.82421875,-0.022600322885967472
2022-03-21,41077.99609375,-0.0041257618874652735
2022-03-22,42358.80859375,0.030703791309973028
2022-03-23,42892.95703125,0.012531246090631498
2022-03-24,43960.93359375,0.02459372596578646
2022-03-25,44348.73046875,0.008782716407665703
2022-03-26,44500.828125,0.003423715485570966
2022-03-27,46820.4921875,0.05081317579238309
2022-03-28,47128.00390625,0.006546412763370313
2022-03-29,47465.73046875,0.007140599739189568
2022-03-30,47062.6640625,-0.008527995234731023
2022-03-31,45538.67578125,-0.03291800954258228
2022-04-01,46281.64453125,0.016183454010016973
2022-04-02,45868.94921875,-0.008957035540669622
2022-04-03,46453.56640625,0.012664841243047675
2022-04-04,46622.67578125,0.0036337857461319345
2022-04-05,45555.9921875,-0.023144860605896156
2022-04-06,43206.73828125,-0.052945705100574614
2022-04-07,43503.84765625,0.006852924231532498
2022-04-08,42287.6640625,-0.028353972258937432
2022-04-09,42782.13671875,0.011625235289933755
2022-04-10,42207.671875,-0.013518646577317384
2022-04-11,39521.90234375,-0.06574699455484989
2022-04-12,40127.18359375,0.015198991801760542
2022-04-13,41166.73046875,0.025576417495491555
2022-04-14,39935.515625,-0.030364373354540675
2022-04-15,40553.46484375,0.015355179227128701
2022-04-16,40424.484375,-0.0031855728397047756
2022-04-17,39716.953125,-0.017657522881942
2022-04-18,40826.21484375,0.027546268364385895
2022-04-19,41502.75,0.016435294339235185
2022-04-20,41374.37890625,-0.003097867846211244
2022-04-21,40527.36328125,-0.02068443970831879
2022-04-22,39740.3203125,-0.019611085251920457
2022-04-23,39486.73046875,-0.00640161932757799
2022-04-24,39469.29296875,-0.0004417015833446669
2022-04-25,40458.30859375,0.02474905007609607
2022-04-26,38117.4609375,-0.05959955698854813
2022-04-27,39241.12109375,0.029052734994520435
2022-04-28,39773.828125,0.01348390672152533
2022-04-29,38609.82421875,-0.029702353660828962
2022-04-30,37714.875,-0.023452178557919368
2022-05-01,38469.09375,0.01980058020040154
2022-05-02,38529.328125,0.0015645616058179712
2022-05-03,37750.453125,-0.020422241840901023
2022-05-04,39698.37109375,0.0503126775329914
2022-05-05,36575.140625,-0.08194136472907587
2022-05-06,36040.921875,-0.014713780107637575
2022-05-07,35501.953125,-0.015067299056939376
2022-05-08,34059.265625,-0.04148559878699665
2022-05-09,30296.953125,-0.1170549632581519
2022-05-10,31022.90625,0.02367869238648268
2022-05-11,28936.35546875,-0.06962706368651972
2022-05-12,29047.751953125,0.0038423156405116288
2022-05-13,29283.103515625,0.00806958299328464
2022-05-14,30101.265625,0.027556540350856196
2022-05-15,31305.11328125,0.039214229608877105
2022-05-16,29862.91796875,-0.047163938825930174
2022-05-17,30425.857421875,0.01867531097186692
2022-05-18,28720.271484375,-0.0576896230339532
2022-05-19,30314.333984375,0.05401747251089617
2022-05-20,29200.740234375,-0.03742660999960279
2022-05-21,29432.2265625,0.007896156156526501
2022-05-22,30323.72265625,0.029840116535785555
2022-05-23,29098.91015625,-0.041229610336666056
2022-05-24,29655.5859375,0.018949781767068075
2022-05-25,29562.361328125,-0.0031485281301595336
2022-05-26,29267.224609375,-0.010033699544871766
2022-05-27,28627.57421875,-0.022097889022564488
2022-05-28,28814.900390625,0.006522241153916752
2022-05-29,29445.95703125,0.02166399017895948
2022-05-30,31726.390625,0.07459222816391886
2022-05-31,31792.310546875,0.002075607477006969
2022-06-01,29799.080078125,-0.06474693067083415
2022-06-02,30467.48828125,0.022182633910983185
2022-06-03,29704.390625,-0.025365289710190808
2022-06-04,29832.9140625,0.004317415368904065
2022-06-05,29906.662109375,0.0024689858570869916
2022-06-06,31370.671875,0.04779217112896639
2022-06-07,31155.478515625,-0.0068833346588697
2022-06-08,30214.35546875,-0.03067294698343126
2022-06-09,30111.998046875,-0.0033934595457960626
2022-06-10,29083.8046875,-0.03474221923779908
2022-06-11,28360.810546875,-0.025173197410301995
2022-06-12,26762.6484375,-0.058001081518820996
2022-06-13,22487.388671875,-0.17405255177667023
2022-06-14,22206.79296875,-0.012556416941055915
2022-06-15,22572.83984375,0.016349175083862022
2022-06-16,20381.650390625,-0.10211240133010335
2022-06-17,20471.482421875,0.00439781088256197
2022-06-18,19017.642578125,-0.07366571122488885
2022-06-19,20553.271484375,0.077653019524071
2022-06-20,20599.537109375,0.0022484805325770907
2022-06-21,20710.59765625,0.005376928208097098
2022-06-22,19987.029296875,-0.03556200532463194
2022-06-23,21085.876953125,0.0535199496525518
2022-06-24,21231.65625,0.006889809613761955
2022-06-25,21502.337890625,0.012668381046625043
2022-06-26,21027.294921875,-0.02234031636729661
2022-06-27,20735.478515625,-0.013975180844797208
2022-06-28,20280.634765625,-0.022179692795420536
2022-06-29,20104.0234375,-0.008746512259888206
2022-06-30,19784.7265625,-0.016009711756280964
2022-07-01,19269.3671875,-0.026393611667963057
2022-07-02,19242.255859375,-0.001407955856373988
2022-07-03,19297.076171875,0.002844903976512825
2022-07-04,20231.26171875,0.047275427183008034
2022-07-05,20190.115234375,-0.002035878126305235
2022-07-06,20548.24609375,0.017582449257883326
2022-07-07,21637.587890625,0.05165639338861894
2022-07-08,21731.1171875,0.004313222712422515
2022-07-09,21592.20703125,-0.00641274116384416
2022-07-10,20860.44921875,-0.03447747972502668
2022-07-11,19970.556640625,-0.04359596339476646
2022-07-12,19323.9140625,-0.032915621389021155
2022-07-13,20212.07421875,0.0449367599448216
2022-07-14,20569.919921875,0.017549651263241373
2022-07-15,20836.328125,0.012868197042893215
2022-07-16,21190.31640625,0.016846296291969765
2022-07-17,20779.34375,-0.01958489970974675
2022-07-18,22485.689453125,0.07891967823012891
2022-07-19,23389.43359375,0.03940528200341831
2022-07-20,23231.732421875,-0.0067652436363694335
2022-07-21,23164.62890625,-0.0028926217700480095
2022-07-22,22714.978515625,-0.019601945764883055
2022-07-23,22465.478515625,-0.011044710597188256
2022-07-24,22609.1640625,0.006375470790258575
2022-07-25,21361.701171875,-0.05675565978203245
2022-07-26,21239.75390625,-0.00572504382684258
2022-07-27,22930.548828125,0.07659542154936183
2022-07-28,23843.88671875,0.03905783089201442
2022-07-29,23804.6328125,-0.0016476446914399645
2022-07-30,23656.20703125,-0.006254683466181632
2022-07-31,23336.896484375,-0.013589886059607537
2022-08-01,23314.19921875,-0.0009730647082903943
2022-08-02,22978.1171875,-0.014520247082613125
2022-08-03,22846.5078125,-0.0057440617075421585
2022-08-04,22630.95703125,-0.009479525568520941
2022-08-05,23289.314453125,0.02867589908816015
2022-08-06,22961.279296875,-0.014185359813053466
2022-08-07,23175.890625,0.009303252730044065
2022-08-08,23809.486328125,0.026971545344579795
2022-08-09,23164.318359375,-0.02747099349637594
2022-08-10,23947.642578125,0.033256795053882016
2022-08-11,23957.529296875,0.00041276206736817755
2022-08-12,24402.818359375,0.018415982056897207
2022-08-13,24424.068359375,0.0008704221288589054
2022-08-14,24319.333984375,-0.004297383077330963
2022-08-15,24136.97265625,-0.00752687118445472
2022-08-16,23883.291015625,-0.010565706274135778
2022-08-17,23335.998046875,-0.023181944883864603
2022-08-18,23212.73828125,-0.005295957030778453
2022-08-19,20877.552734375,-0.10602664190168731
2022-08-20,21166.060546875,0.013724431302662765
2022-08-21,21534.12109375,0.017239723512556537
2022-08-22,21398.908203125,-0.00629880257162263
2022-08-23,21528.087890625,0.006018593854662413
2022-08-24,21395.01953125,-0.006200333278529868
2022-08-25,21600.904296875,0.009577016652956516
2022-08-26,20260.01953125,-0.06408571655966355
2022-08-27,20041.73828125,-0.01083244981392717
2022-08-28,19616.814453125,-0.02142993430725504
2022-08-29,20297.994140625,0.03413499162998335
2022-08-30,19796.80859375,-0.025001327783567007
2022-08-31,20049.763671875,0.012696624168793136
2022-09-01,20127.140625,0.0038518173635360142
2022-09-02,19969.771484375,-0.0078494796911599
2022-09-03,19832.087890625,-0.006918477935498046
2022-09-04,19986.712890625,0.007766470822270222
2022-09-05,19812.37109375,-0.00876115199617189
2022-09-06,18837.66796875,-0.05044806467236107
2022-09-07,19290.32421875,0.023745153749135994
2022-09-08,19329.833984375,0.0020460703035372063
2022-09-09,21381.15234375,0.10086009766789061
2022-09-10,21680.5390625,0.013905238413398635
2022-09-11,21769.255859375,0.004083651963044943
2022-09-12,22370.44921875,0.027242163871664005
2022-09-13,20296.70703125,-0.09728219892342338
2022-09-14,20241.08984375,-0.0027439686753734094
2022-09-15,19701.2109375,-0.027034586241262204
2022-09-16,19772.583984375,0.0036162281734331003
2022-09-17,20127.576171875,0.017794492715736965
2022-09-18,19419.505859375,-0.0358128060475007
2022-09-19,19544.12890625,0.006396912022912815
2022-09-20,18890.7890625,-0.034000477547087016
2022-09-21,18547.400390625,-0.01834481351522399
2022-09-22,19413.55078125,0.04564167754912951
2022-09-23,19297.638671875,-0.0059885762967120115
2022-09-24,18937.01171875,-0.018864440709329244
2022-09-25,18802.09765625,-0.007149858037086787
2022-09-26,19222.671875,0.022121968157295058
2022-09-27,19110.546875,-0.0058500341701694936
2022-09-28,19426.720703125,0.016409099157190354
2022-09-29,19573.05078125,0.007504185755092152
2022-09-30,19431.7890625,-0.007243323491751497
2022-10-01,19312.095703125,-0.00617871650655033
2022-10-02,19044.107421875,-0.013973887936277407
2022-10-03,19623.580078125,0.02997417630734489
2022-10-04,20336.84375,0.035702295702778386
2022-10-05,20160.716796875,-0.008698206075026249
2022-10-06,19955.443359375,-0.010234041758595325
2022-10-07,19546.849609375,-0.02068782806747471
2022-10-08,19416.568359375,-0.006687387417162682
2022-10-09,19446.42578125,0.0015365479891418232
2022-10-10,19141.484375,-0.01580535214708867
2022-10-11,19051.41796875,-0.00471640371270432
2022-10-12,19157.4453125,0.0055498963744717855
2022-10-13,19382.904296875,0.011700026522296625
2022-10-14,19185.65625,-0.010228526229370871
2022-10-15,19067.634765625,-0.0061705466755910265
2022-10-16,19268.09375,0.010458171486817491
2022-10-17,19550.7578125,0.01456349413146718
2022-10-18,19334.416015625,-0.011127327349329974
2022-10-19,19139.53515625,-0.010130621895941161
2022-10-20,19053.740234375,-0.004492679159129764
2022-10-21,19172.46875,0.0062119106533931046
2022-10-22,19208.189453125,0.001861391394053058
2022-10-23,19567.0078125,0.018508150954172464
2022-10-24,19345.572265625,-0.011381303255268094
2022-10-25,20095.857421875,0.038050125599863094
2022-10-26,20770.44140625,0.03301719435894768
2022-10-27,20285.8359375,-0.0236079843216217
2022-10-28,20595.3515625,0.015142492579418132
2022-10-29,20818.4765625,0.010775490653264441
2022-10-30,20635.603515625,-0.008822978719624786
2022-10-31,20495.7734375,-0.006799218852899358
2022-11-01,20485.2734375,-0.0005124320157943174
2022-11-02,20159.50390625,-0.01603042401585597
2022-11-03,20209.98828125,0.002501116490787325
2022-11-04,21147.23046875,0.04533199824767209
2022-11-05,21282.69140625,0.006385182519711208
2022-11-06,20926.486328125,-0.016878487268053632
2022-11-07,20602.81640625,-0.01558785986522615
2022-11-08,18541.271484375,-0.10542864681146114
2022-11-09,15880.7802734375,-0.15488954817014822
2022-11-10,17586.771484375,0.10203740901128455
2022-11-11,17034.29296875,-0.03191845360130152
2022-11-12,16799.185546875,-0.013898139747380966
2022-11-13,16353.365234375,-0.02689670498469887
2022-11-14,16618.19921875,0.01606473240459927
2022-11-15,16884.61328125,0.01590431717951546
2022-11-16,16669.439453125,-0.012825680370736947
2022-11-17,16687.517578125,0.0010839194206493374
2022-11-18,16697.77734375,0.000614627845701321
2022-11-19,16711.546875,0.0008242927596793237
2022-11-20,16291.83203125,-0.02543603029442032
2022-11-21,15787.2841796875,-0.031459062587073205
2022-11-22,16189.76953125,0.025174715080391152
2022-11-23,16610.70703125,0.025667956985737206
2022-11-24,16604.46484375,-0.00037586363225727837
2022-11-25,16521.841796875,-0.00498837489510251
2022-11-26,16464.28125,-0.0034899891216237933
2022-11-27,16444.626953125,-0.001194466804580685
2022-11-28,16217.322265625,-0.013918848240971116
2022-11-29,16444.982421875,0.01394046411034644
2022-11-30,17168.56640625,0.04305976658394428
2022-12-01,16967.1328125,-0.011802068595368809
2022-12-02,17088.66015625,0.0071369860458059264
2022-12-03,16908.236328125,-0.010614234867796668
2022-12-04,17130.486328125,0.01305884246336575
2022-12-05,16974.826171875,-0.009128269217153928
2022-12-06,17089.50390625,0.006733035250819697
2022-12-07,16848.126953125,-0.014224977832437702
2022-12-08,17233.474609375,0.02261420008103876
2022-12-09,17133.15234375,-0.00583837050588798
2022-12-10,17128.724609375,-0.00025846420531472347
2022-12-11,17104.193359375,-0.0014331967973895132
2022-12-12,17206.4375,0.005959927912305929
2022-12-13,17781.318359375,0.03286478873072873
2022-12-14,17815.650390625,0.001928930642170812
2022-12-15,17364.865234375,-0.025628381021023827
2022-12-16,16647.484375,-0.04218980898150093
2022-12-17,16795.091796875,0.008827572352892332
2022-12-18,16757.9765625,-0.0022123311713588834
2022-12-19,16439.6796875,-0.01917645189485384
2022-12-20,16906.3046875,0.027988705082472976
2022-12-21,16817.53515625,-0.005264509420177532
2022-12-22,16830.341796875,0.0007612154110798741
2022-12-23,16796.953125,-0.0019858084288220113
2022-12-24,16847.755859375,0.003019956154723502
2022-12-25,16841.986328125,-0.00034250967397042587
2022-12-26,16919.8046875,0.004609855984671896
2022-12-27,16717.173828125,-0.012048246868378243
2022-12-28,16552.572265625,-0.009895050300251285
2022-12-29,16642.341796875,0.00540864482552017
2022-12-30,16602.5859375,-0.0023916958787602027
2022-12-31,16547.49609375,-0.0033236656495585493
2023-01-01,16625.080078125,0.004677606311577875
2023-01-02,16688.470703125,0.0038057006847047603
2023-01-03,16679.857421875,-0.0005162548994981364
2023-01-04,16863.23828125,0.010934153962034898
2023-01-05,16836.736328125,-0.001572817718438202
2023-01-06,16951.96875,0.006820792235552986
2023-01-07,16955.078125,0.00018340582830411734
2023-01-08,17091.14453125,0.007993082349020852
2023-01-09,17196.5546875,0.006148589187306541
2023-01-10,17446.29296875,0.014418133870886862
2023-01-11,17934.896484375,0.027621150497731506
2023-01-12,18869.587890625,0.050803180490186506
2023-01-13,19909.57421875,0.053649212803669855
2023-01-14,20976.298828125,0.052192440560840936
2023-01-15,20880.798828125,-0.0045631527773633
2023-01-16,21169.6328125,0.01373771995227635
2023-01-17,21161.51953125,-0.00038332437933341623
2023-01-18,20688.78125,-0.022592831153300352
2023-01-19,21086.79296875,0.01905533410289806
2023-01-20,22676.552734375,0.07268455261104734
2023-01-21,22777.625,0.004447222994452105
2023-01-22,22720.416015625,-0.0025147902304318848
2023-01-23,22934.431640625,0.009375442198569672
2023-01-24,22636.46875,-0.013077079200906283
2023-01-25,23117.859375,0.02104318470132327
2023-01-26,23032.77734375,-0.003687148593844114
2023-01-27,23078.728515625,0.0019930464741655385
2023-01-28,23031.08984375,-0.0020663143130938977
2023-01-29,23774.56640625,0.03177133538504506
2023-01-30,22840.138671875,-0.040096914665952
2023-01-31,23139.283203125,0.013012288539513861
2023-02-01,23723.76953125,0.02494573459000371
2023-02-02,23471.87109375,-0.010674749877368939
2023-02-03,23449.322265625,-0.0009611362476711349
2023-02-04,23331.84765625,-0.005022313742864881
2023-02-05,22955.666015625,-0.016254488231275843
2023-02-06,22760.109375,-0.008555376421284677
2023-02-07,23264.291015625,0.021910195714932357
2023-02-08,22939.3984375,-0.014063722484005226
2023-02-09,21819.0390625,-0.050072947921117716
2023-02-10,21651.18359375,-0.007722817724904019
2023-02-11,21870.875,0.010095720621825066
2023-02-12,21788.203125,-0.003787160762945163
2023-02-13,21808.1015625,0.0009128497942381131
2023-02-14,22220.8046875,0.018747466050136552
2023-02-15,24307.841796875,0.089770007863196
2023-02-16,23623.474609375,-0.02855810148156479
2023-02-17,24565.6015625,0.03910624942609964
2023-02-18,24641.27734375,0.00307582364881398
2023-02-19,24327.642578125,-0.012809719094438066
2023-02-20,24829.1484375,0.02040504474431515
2023-02-21,24436.353515625,-0.015946381537723653
2023-02-22,24188.84375,-0.010180396881002807
2023-02-23,23947.4921875,-0.010027916762018307
2023-02-24,23198.126953125,-0.03179206740644425
2023-02-25,23175.375,-0.0009812480831641324
2023-02-26,23561.212890625,0.016511545833870045
2023-02-27,23522.87109375,-0.0016286524916946377
2023-02-28,23147.353515625,-0.0160927308751031
2023-03-01,23646.55078125,0.021336804939162235
2023-03-02,23475.466796875,-0.00726135020948071
2023-03-03,22362.6796875,-0.048562425729771874
2023-03-04,22353.349609375,-0.0004173035221199939
2023-03-05,22435.513671875,0.003668954675324798
2023-03-06,22429.7578125,-0.0002565841781922984
2023-03-07,22219.76953125,-0.009406138966042477
2023-03-08,21718.080078125,-0.022837315061131847
2023-03-09,20363.021484375,-0.06442451332853238
2023-03-10,20187.244140625,-0.008669656883114385
2023-03-11,20632.41015625,0.02181222124411164
2023-03-12,22163.94921875,0.07160391184532955
2023-03-13,24197.533203125,0.0877836343684848
2023-03-14,24746.07421875,0.022416164797506966
2023-03-15,24375.9609375,-0.015069419825618269
2023-03-16,25052.7890625,0.027387721969649448
2023-03-17,27423.9296875,0.09043081735478786
2023-03-18,26965.87890625,-0.016843655914946964
2023-03-19,28038.67578125,0.03901251239696357
2023-03-20,27767.236328125,-0.009728058677074714
2023-03-21,28175.81640625,0.014607259457310562
2023-03-22,27307.4375,-0.03130493478602503
2023-03-23,28333.97265625,0.036902430921442075
2023-03-24,27493.28515625,-0.03011973318555583
2023-03-25,27494.70703125,5.1715836265842086e-05
2023-03-26,27994.330078125,0.018008477903471487
2023-03-27,27139.888671875,-0.030997440056031778
2023-03-28,27268.130859375,0.004714100093913487
2023-03-29,28348.44140625,0.03885339931269094
2023-03-30,28033.5625,-0.01116959874133272
2023-03-31,28478.484375,0.015746414888454296
2023-04-01,28411.03515625,-0.00237123642140169
2023-04-02,28199.30859375,-0.007480171844974848
2023-04-03,27790.220703125,-0.014613274150395483
2023-04-04,28168.08984375,0.013505585874638015
2023-04-05,28177.984375,0.000351205704706814
2023-04-06,28044.140625,-0.004761257346579839
2023-04-07,27925.859375,-0.0042266008962954515
2023-04-08,27947.794921875,0.0007851839396586513
2023-04-09,28333.05078125,0.013690692528907533
2023-04-10,29652.98046875,0.04553364675738969
2023-04-11,30235.05859375,0.01943948956433239
2023-04-12,30139.052734375,-0.0031803678161335114
2023-04-13,30399.06640625,0.00859013376828166
2023-04-14,30485.69921875,0.002845797962017116
2023-04-15,30318.49609375,-0.005499737167522056
2023-04-16,30315.35546875,-0.00010359312238605867
2023-04-17,29445.044921875,-0.029128723276819812
2023-04-18,30397.552734375,0.03183646099781612
2023-04-19,28822.6796875,-0.05319953662867327
2023-04-20,28245.98828125,-0.02021112661928015
2023-04-21,27276.91015625,-0.03491087727171305
2023-04-22,27817.5,0.019624756556398282
2023-04-23,27591.384765625,-0.008161741227379338
2023-04-24,27525.33984375,-0.0023965485595702773
2023-04-25,28307.59765625,0.02802320777395373
2023-04-26,28422.701171875,0.004057925868579559
2023-04-27,29473.787109375,0.036313132862295205
2023-04-28,29340.26171875,-0.004540602889752776
2023-04-29,29248.48828125,-0.0031328032278832296
2023-04-30,29268.806640625,0.0006944394889973893
2023-05-01,28091.568359375,-0.04105285621101551
2023-05-02,28680.537109375,0.02074927029112139
2023-05-03,29006.30859375,0.011294600825028311
2023-05-04,28847.7109375,-0.005482697825375027
2023-05-05,29534.384765625,0.023524523635352068
2023-05-06,28904.623046875,-0.02155362050914711
2023-05-07,28454.978515625,-0.015678412319992674
2023-05-08,27694.2734375,-0.027097480312589184
2023-05-09,27658.775390625,-0.0012826051136460848
2023-05-10,27621.755859375,-0.0013393336115541388
2023-05-11,27000.7890625,-0.022737627872803756
2023-05-12,26804.990234375,-0.0072780171559241325
2023-05-13,26784.078125,-0.0007804618022575482
2023-05-14,26930.638671875,0.005457011385946231
2023-05-15,27192.693359375,0.00968368817972376
2023-05-16,27036.650390625,-0.005754943306691018
2023-05-17,27398.802734375,0.013305949198469946
2023-05-18,26832.208984375,-0.020896322938492418
2023-05-19,26890.12890625,0.002156270430170082
2023-05-20,27129.5859375,0.008865600285433928
2023-05-21,26753.826171875,-0.013947366814537787
2023-05-22,26851.27734375,0.0036358955711435215
2023-05-23,27225.7265625,0.013848962643425722
2023-05-24,26334.818359375,-0.033270400187896954
2023-05-25,26476.20703125,0.005354526205138654
2023-05-26,26719.291015625,0.009139332662057242
2023-05-27,26868.353515625,0.005563330344848794
2023-05-28,28085.646484375,0.044309499753600434
2023-05-29,27745.884765625,-0.01217111210733357
2023-05-30,27702.349609375,-0.0015702994220330169
2023-05-31,27219.658203125,-0.017577792723265873
2023-06-01,26819.97265625,-0.014792581991187603
2023-06-02,27249.58984375,0.01589161106579695
2023-06-03,27075.12890625,-0.006422915434420418
2023-06-04,27119.06640625,0.0016214839753008192
2023-06-05,25760.09765625,-0.05141034569889236
2023-06-06,27238.783203125,0.0558151185623359
2023-06-07,26345.998046875,-0.03332542412080919
2023-06-08,26508.216796875,0.006138366063705547
2023-06-09,26480.375,-0.0010508601377399174
2023-06-10,25851.240234375,-0.024045314677472618
2023-06-11,25940.16796875,0.003434076224344551
2023-06-12,25902.5,-0.0014531650030544796
2023-06-13,25918.728515625,0.000626326955973866
2023-06-14,25124.67578125,-0.03111535403261989
2023-06-15,25576.39453125,0.017819375410116578
2023-06-16,26327.462890625,0.028942773265370647
2023-06-17,26510.67578125,0.006934900793206467
2023-06-18,26336.212890625,-0.006602603438313537
2023-06-19,26851.029296875,0.019359247201741425
2023-06-20,28327.48828125,0.05352849528514092
2023-06-21,30027.296875,0.058274213206820136
2023-06-22,29912.28125,-0.0038377235796946962
2023-06-23,30695.46875,0.025845905768154154
2023-06-24,30548.6953125,-0.004793067902493675
2023-06-25,30480.26171875,-0.0022426607224286244
2023-06-26,30271.130859375,-0.006884835938176792
2023-06-27,30688.1640625,0.013682563415242655
2023-06-28,30086.24609375,-0.019808917913037405
2023-06-29,30445.3515625,0.01186519753773041
2023-06-30,30477.251953125,0.0010472432791654995
2023-07-01,30590.078125,0.0036951443630783842
2023-07-02,30620.76953125,0.0010028094691438838
2023-07-03,31156.439453125,0.01734242631795979
2023-07-04,30777.58203125,-0.012234379050443778
2023-07-05,30514.166015625,-0.008595533521292609
2023-07-06,29909.337890625,-0.020020299639947226
2023-07-07,30342.265625,0.014370909980298663
2023-07-08,30292.541015625,-0.0016401345457062178
2023-07-09,30171.234375,-0.004012544787340033
2023-07-10,30414.470703125,0.008029538805166325
2023-07-11,30620.951171875,0.006765948365584862
2023-07-12,30391.646484375,-0.0075166695389672356
2023-07-13,31476.048828125,0.03505911799946482
2023-07-14,30334.068359375,-0.036955452769761976
2023-07-15,30295.806640625,-0.0012621409438580145
2023-07-16,30249.1328125,-0.001541791528486769
2023-07-17,30145.888671875,-0.0034189652941130078
2023-07-18,29856.5625,-0.009643886494909992
2023-07-19,29913.923828125,0.0019193869502824867
2023-07-20,29792.015625,-0.0040836263076453605
2023-07-21,29908.744140625,0.003910458253166382
2023-07-22,29771.802734375,-0.004589155219131058
2023-07-23,30084.5390625,0.010449658783391769
2023-07-24,29176.916015625,-0.030633538164858365
2023-07-25,29227.390625,0.001728455480240143
2023-07-26,29354.97265625,0.0043556533334641045
2023-07-27,29210.689453125,-0.0049272385842940025
2023-07-28,29319.24609375,0.0037094442045351173
2023-07-29,29356.91796875,0.0012840607690716155
2023-07-30,29275.30859375,-0.002783773787438548
2023-07-31,29230.111328125,-0.001545062822442489
2023-08-01,29675.732421875,0.015130233826088357
2023-08-02,29151.958984375,-0.017807507516909737
2023-08-03,29178.6796875,0.0009161807791748799
2023-08-04,29074.091796875,-0.0035908335462959684
2023-08-05,29042.126953125,-0.001100031889921027
2023-08-06,29041.85546875,-9.347994529562698e-06
2023-08-07,29180.578125,0.0047652738023771235
2023-08-08,29765.4921875,0.01984638697905261
2023-08-09,29561.494140625,-0.006877101417060771
2023-08-10,29429.591796875,-0.004471948989328567
2023-08-11,29397.71484375,-0.0010837469218056839
2023-08-12,29415.96484375,0.0006206039371345895
2023-08-13,29282.9140625,-0.00453334072444278
2023-08-14,29408.443359375,0.004277614074716496
2023-08-15,29170.34765625,-0.00812912011875433
2023-08-16,28701.779296875,-0.016193584838703146
2023-08-17,26664.55078125,-0.07362412009606345
2023-08-18,26049.556640625,-0.02333424865381062
2023-08-19,26096.205078125,0.0017891559507905441
2023-08-20,26189.583984375,0.003571869420106566
2023-08-21,26124.140625,-0.0025019588646060242
2023-08-22,26031.65625,-0.0035464695192519713
2023-08-23,26431.640625,0.015248455549160767
2023-08-24,26162.373046875,-0.010239565761125391
2023-08-25,26047.66796875,-0.004393992436940053
2023-08-26,26008.462890625,-0.0015062619864458782
2023-08-27,26089.693359375,0.0031183650409936092
2023-08-28,26106.150390625,0.0006305878251211539
2023-08-29,27727.392578125,0.06024989257085167
2023-08-30,27297.265625,-0.015634289371323717
2023-08-31,25931.47265625,-0.05132914544958922
2023-09-01,25800.724609375,-0.005054814300672561
2023-09-02,25868.798828125,0.0026349868784762975
2023-09-03,25969.56640625,0.003887765541687571
2023-09-04,25812.416015625,-0.006069712504034541
2023-09-05,25779.982421875,-0.001257301424429258
2023-09-06,25753.236328125,-0.0010380138015939622
2023-09-07,26240.1953125,0.018732105501950258
2023-09-08,25905.654296875,-0.012831149860508262
2023-09-09,25895.677734375,-0.0003851855630792045
2023-09-10,25832.2265625,-0.0024532679048565598
2023-09-11,25162.654296875,-0.02626188106748195
2023-09-12,25833.34375,0.026305127952918284
2023-09-13,26228.32421875,0.015173852958685785
2023-09-14,26539.673828125,0.011800835130971521
2023-09-15,26608.693359375,0.00259724140931894
2023-09-16,26568.28125,-0.0015199103541192471
2023-09-17,26534.1875,-0.0012840741866497751
2023-09-18,26754.28125,0.008260511389751812
2023-09-19,27211.1171875,0.016931102662432806
2023-09-20,27132.0078125,-0.0029114788993922502
2023-09-21,26567.6328125,-0.02102046771669741
2023-09-22,26579.568359375,0.0004491505408559249
2023-09-23,26579.390625,-6.6869020169946225e-06
2023-09-24,26256.826171875,-0.012210127075315214
2023-09-25,26298.48046875,0.0015851607862167327
2023-09-26,26217.25,-0.0030935695955243148
2023-09-27,26352.716796875,0.00515378285278878
2023-09-28,27021.546875,0.025063206234960944
2023-09-29,26911.720703125,-0.004072674570299029
2023-09-30,26967.916015625,0.0020859581206860156
2023-10-01,27983.75,0.03697612085638191
2023-10-02,27530.78515625,-0.01631914578851479
2023-10-03,27429.978515625,-0.003668317065944393
2023-10-04,27799.39453125,0.01337771930248266
2023-10-05,27415.912109375,-0.013890662255843012
2023-10-06,27946.59765625,0.019171883788155597
2023-10-07,27968.83984375,0.0007955652201818708
2023-10-08,27935.08984375,-0.0012074286830614511
2023-10-09,27583.677734375,-0.012659387727927296
2023-10-10,27391.01953125,-0.007009006012591357
2023-10-11,26873.3203125,-0.019081220842270596
2023-10-12,26756.798828125,-0.00434538164717857
2023-10-13,26862.375,0.003938005783231446
2023-10-14,26861.70703125,-2.4866641728849004e-05
2023-10-15,27159.65234375,0.01103076031587058
2023-10-16,28519.466796875,0.048854397304765484
2023-10-17,28415.748046875,-0.0036433994327751407
2023-10-18,28328.341796875,-0.003080719749686267
2023-10-19,28719.806640625,0.013724231161472034
2023-10-20,29682.94921875,0.032985768982552344
2023-10-21,29918.412109375,0.00790129991607813
2023-10-22,29993.896484375,0.002519829955234698
2023-10-23,33086.234375,0.09812340552916154
2023-10-24,33901.52734375,0.02434275178777412
2023-10-25,34502.8203125,0.017581001125126505
2023-10-26,34156.6484375,-0.010083818433932024
2023-10-27,33909.80078125,-0.007253169256571823
2023-10-28,34089.57421875,0.005287514961398898
2023-10-29,34538.48046875,0.013082482218138125
2023-10-30,34502.36328125,-0.0010462557765205105
2023-10-31,34667.78125,0.004782938801692893
2023-11-01,35437.25390625,0.021952875620689483
2023-11-02,34938.2421875,-0.014181643038138958
2023-11-03,34732.32421875,-0.005911206955145687
2023-11-04,35082.1953125,0.010022958693683748
2023-11-05,35049.35546875,-0.0009365213169942876
2023-11-06,35037.37109375,-0.00034198701250787167
2023-11-07,35443.5625,0.011526405303600384
2023-11-08,35655.27734375,0.0059555252934746505
2023-11-09,36693.125,0.02869223982446556
2023-11-10,37313.96875,0.016778346050335458
2023-11-11,37138.05078125,-0.004725682318408531
2023-11-12,37054.51953125,-0.002251742592081385
2023-11-13,36502.35546875,-0.015013537055029502
2023-11-14,35537.640625,-0.02678435783979438
2023-11-15,37880.58203125,0.0638461992762771
2023-11-16,36154.76953125,-0.046629756190665006
2023-11-17,36596.68359375,0.012148746966680335
2023-11-18,36585.703125,-0.0003000850156649193
2023-11-19,37386.546875,0.021653391391504684
2023-11-20,37476.95703125,0.0024153344549944222
2023-11-21,35813.8125,-0.04539262192194826
2023-11-22,37432.33984375,0.044201389467836805
2023-11-23,37289.62109375,-0.0038199994154339834
2023-11-24,37720.28125,0.01148288092363181
2023-11-25,37796.79296875,0.002026342935600667
2023-11-26,37479.12109375,-0.00844024984109204
2023-11-27,37254.16796875,-0.0060201767439203024
2023-11-28,37831.0859375,0.015367313611232447
2023-11-29,37858.4921875,0.0007241750284947557
2023-11-30,37712.74609375,-0.003857188998471983
2023-12-01,38688.75,0.02555073011462916
2023-12-02,39476.33203125,0.02015244313871989
2023-12-03,39978.390625,0.012637770520489866
2023-12-04,41980.09765625,0.04885656688656326
2023-12-05,44080.6484375,0.048825234559730646
2023-12-06,43746.4453125,-0.007610515703399656
2023-12-07,43292.6640625,-0.010427160036986294
2023-12-08,44166.6015625,0.019985683234800433
2023-12-09,43725.984375,-0.010026349184727223
2023-12-10,43779.69921875,0.0012276882664217226
2023-12-11,41243.83203125,-0.0596686466968368
2023-12-12,41450.22265625,0.004991678164291358
2023-12-13,42890.7421875,0.034162749571038376
2023-12-14,43023.97265625,0.003101461159202401
2023-12-15,41929.7578125,-0.0257616788095838
2023-12-16,42240.1171875,0.0073746285491580466
2023-12-17,41364.6640625,-0.02094342240847169
2023-12-18,42623.5390625,0.029979669511789098
2023-12-19,42270.52734375,-0.008316570718614358
2023-12-20,43652.25,0.03216473724475044
2023-12-21,43869.15234375,0.004956565640048538
2023-12-22,43997.90234375,0.0029305657871940838
2023-12-23,43739.54296875,-0.005889392398977122
2023-12-24,43016.1171875,-0.01667770259648016
2023-12-25,43613.140625,0.013783631646973049
2023-12-26,42520.40234375,-0.025374479539831185
2023-12-27,43442.85546875,0.02146239120433968
2023-12-28,42627.85546875,-0.01893848326303349
2023-12-29,42099.40234375,-0.012474379352008569
2023-12-30,42156.90234375,0.0013648832366826014
2023-12-31,42265.1875,0.0025653289520555234
2024-01-01,44167.33203125,0.0440216648373255
2024-01-02,44957.96875,0.0177426040136055
2024-01-03,42848.17578125,-0.04806495357875562
2024-01-04,44179.921875,0.03060735771828682
2024-01-05,44162.69140625,-0.0003900828451524063
2024-01-06,43989.1953125,-0.003936304127510226
2024-01-07,43943.09765625,-0.0010484808007760194
2024-01-08,46970.50390625,0.06662426635587337
2024-01-09,46139.73046875,-0.017845417106437722
2024-01-10,46627.77734375,0.010522032751948629
2024-01-11,46368.5859375,-0.005574241147522585
2024-01-12,42853.16796875,-0.07884262883299442
2024-01-13,42842.3828125,-0.00025170866418555704
2024-01-14,41796.26953125,-0.02472077535535888
2024-01-15,42511.96875,0.016978564046420175
2024-01-16,43154.9453125,0.015011364505806313
2024-01-17,42742.65234375,-0.009599712825862028
2024-01-18,41262.05859375,-0.03525390600437994
2024-01-19,41618.40625,0.008599127738074586
2024-01-20,41665.5859375,0.001132983453546288
2024-01-21,41545.78515625,-0.0028794349245568895
2024-01-22,39507.3671875,-0.05030891028125595
2024-01-23,39845.55078125,0.008523584257922323
2024-01-24,40077.07421875,0.005793705727986875
2024-01-25,39933.80859375,-0.0035811572894939303
2024-01-26,41816.87109375,0.04607657449481728
2024-01-27,42120.0546875,0.007224112855396925
2024-01-28,42035.59375,-0.002007256017307668
2024-01-29,43288.24609375,0.029364415736914395
2024-01-30,42952.609375,-0.007783744989936281
2024-01-31,42582.60546875,-0.008651552809046947
2024-02-01,43075.7734375,0.011514890294240132
2024-02-02,43185.859375,0.0025523745302447054
2024-02-03,42992.25,-0.004493245492151132
2024-02-04,42583.58203125,-0.00955108622874512
2024-02-05,42658.66796875,0.001761707531647616
2024-02-06,43084.671875,0.009936804708699398
2024-02-07,44318.22265625,0.028228646210280317
2024-02-08,45301.56640625,0.021945671282114887
2024-02-09,47147.19921875,0.039932995408412
2024-02-10,47771.27734375,0.013149960695063356
2024-02-11,48293.91796875,0.010881064258583706
2024-02-12,49958.22265625,0.033881478531652576
2024-02-13,49742.44140625,-0.0043285887601172135
2024-02-14,51826.6953125,0.04104684951040838
2024-02-15,51938.5546875,0.002156009229107525
2024-02-16,52160.203125,0.004258432609761442
2024-02-17,51662.99609375,-0.009578029497786744
2024-02-18,52122.546875,0.008855834280712571
2024-02-19,51779.14453125,-0.006610163694045212
2024-02-20,52284.875,0.00971967933731932
2024-02-21,51839.1796875,-0.008560904315229934
2024-02-22,51304.97265625,-0.010358547640015203
2024-02-23,50731.94921875,-0.011231806115512555
2024-02-24,51571.1015625,0.016405594130217693
2024-02-25,51733.23828125,0.003139013368237187
2024-02-26,54522.40234375,0.05251118765694507
2024-02-27,57085.37109375,0.04593621644047374
2024-02-28,62504.7890625,0.09069529297704193
2024-02-29,61198.3828125,-0.021122414270019263
2024-03-01,62440.6328125,0.02009546578842425
2024-03-02,62029.84765625,-0.006600547312091365
2024-03-03,63167.37109375,0.018172204659013147
2024-03-04,68330.4140625,0.0785670808490071
2024-03-05,63801.19921875,-0.06858298181492017
2024-03-06,66106.8046875,0.0354997002008659
2024-03-07,66925.484375,0.012308140052516237
2024-03-08,68300.09375,0.02033131223698703
2024-03-09,68498.8828125,0.0029062966320196892
2024-03-10,69019.7890625,0.007575825657205826
2024-03-11,72123.90625,0.043992298582747225
2024-03-12,71481.2890625,-0.008949836049348292
2024-03-13,73083.5,0.022166899064075096
2024-03-14,71396.59375,-0.023352461458381768
2024-03-15,69403.7734375,-0.028308923292000188
2024-03-16,65315.1171875,-0.060717725206297146
2024-03-17,68390.625,0.0460122407046093
2024-03-18,67548.59375,-0.012388507554367933
2024-03-19,61912.7734375,-0.08712073185700753
2024-03-20,67913.671875,0.0925108529687737
2024-03-21,65491.390625,-0.03631867422621404
2024-03-22,63778.76171875,-0.026498446652158947
2024-03-23,64062.203125,0.004434288665400743
2024-03-24,67234.171875,0.048327093150678735
2024-03-25,69958.8125,0.039725047694879834
2024-03-26,69987.8359375,0.00041477860656335963
2024-03-27,69455.34375,-0.007637444542950789
2024-03-28,70744.953125,0.018397189971880223
2024-03-29,69892.828125,-0.012118158012203395
2024-03-30,69645.3046875,-0.0035477570486825982
2024-03-31,71333.6484375,0.023952858696302926
2024-04-01,69702.1484375,-0.023137002333259105
2024-04-02,65446.97265625,-0.06299090436988486
2024-04-03,65980.8125,0.008123743073319645
2024-04-04,68508.84375,0.03759886271186197
2024-04-05,67837.640625,-0.009845630418288565
2024-04-06,68896.109375,0.015482496362563936
2024-04-07,69362.5546875,0.006747455363626642
2024-04-08,71631.359375,0.03218579409702116
2024-04-09,69139.015625,-0.03541376120378814
2024-04-10,70587.8828125,0.020739301242535646
2024-04-11,70060.609375,-0.007497782584511725
2024-04-12,67195.8671875,-0.04174897018143575
2024-04-13,63821.47265625,-0.051522049715234886
2024-04-14,65738.7265625,0.02959850149495935
2024-04-15,63426.2109375,-0.035810999496508344
2024-04-16,63811.86328125,0.006061920177229396
2024-04-17,61276.69140625,-0.040539585349945284
2024-04-18,63512.75390625,0.035841202086146495
2024-04-19,63843.5703125,0.005195142876912584
2024-04-20,64994.44140625,0.01786587188650479
2024-04-21,64926.64453125,-0.0010436624765670643
2024-04-22,66837.6796875,0.029008901759276284
2024-04-23,66407.2734375,-0.00646039848991542
2024-04-24,64276.8984375,-0.03260630131627096
2024-04-25,64481.70703125,0.0031812827691908296
2024-04-26,63755.3203125,-0.01132893521901579
2024-04-27,63419.140625,-0.005286917956356163
2024-04-28,63113.23046875,-0.004835296290155
2024-04-29,63841.12109375,0.011467091787556782
2024-04-30,60636.85546875,-0.05149462971654195
2024-05-01,58254.01171875,-0.04008992348065732
2024-05-02,59123.43359375,0.014814392549697075
2024-05-03,62889.8359375,0.061757206498247896
2024-05-04,63891.47265625,0.015801344389048566
2024-05-05,64031.1328125,0.002183511056964349
2024-05-06,63161.94921875,-0.0136673647637231
2024-05-07,62334.81640625,-0.013181929995647934
2024-05-08,61187.94140625,-0.018569986258492932
2024-05-09,63049.9609375,0.029977308604179242
2024-05-10,60792.77734375,-0.03645645463548952
2024-05-11,60793.7109375,1.535686675779857e-05
2024-05-12,61448.39453125,0.010711364152793834
2024-05-13,62901.44921875,0.023371494237876433
2024-05-14,61552.7890625,-0.02167403811158053
2024-05-15,66267.4921875,0.07380429766149987
2024-05-16,65231.58203125,-0.01575572439715245
2024-05-17,67051.875,0.02752283490504759
2024-05-18,66940.8046875,-0.0016578568052914022
2024-05-19,66278.3671875,-0.00994515955321873
2024-05-20,71448.1953125,0.07510908882529854
2024-05-21,70136.53125,-0.0185288571822948
2024-05-22,69122.3359375,-0.014565869510185792
2024-05-23,67929.5625,-0.017406596587758116
2024-05-24,68526.1015625,0.00874339466804841
2024-05-25,69265.9453125,0.010738658385429645
2024-05-26,68518.09375,-0.01085552305803894
2024-05-27,69394.5546875,0.012710548993759119
2024-05-28,68296.21875,-0.015953999045956735
2024-05-29,67578.09375,-0.01057052909384737
2024-05-30,68364.9921875,0.011577009906272195
2024-05-31,67491.4140625,-0.012860492770807141
2024-06-01,67706.9375,0.003188258104856345
2024-06-02,67751.6015625,0.0006594499605228066
2024-06-03,68804.78125,0.015425138658129
2024-06-04,70567.765625,0.025300225248924946
2024-06-05,71082.8203125,0.007272217816602478
2024-06-06,70757.1640625,-0.0045918902720174515
2024-06-07,69342.5859375,-0.020194557079891595
2024-06-08,69305.7734375,-0.0005310196389043398
2024-06-09,69647.9921875,0.0049256591265880445
2024-06-10,69512.28125,-0.0019504270460224404
2024-06-11,67332.03125,-0.03186737491787994
2024-06-12,68241.1875,0.013412234174300153
2024-06-13,66756.3984375,-0.021998155421160348
2024-06-14,66011.09375,-0.01122733440538859
2024-06-15,66191.0,0.0027216870164856743
2024-06-16,66639.046875,0.0067461931212005055
2024-06-17,66490.296875,-0.002234669798733435
2024-06-18,65140.74609375,-0.020505771883152946
2024-06-19,64960.296875,-0.002773987515325871
2024-06-20,64828.65625,-0.002028534277712879
2024-06-21,64096.19921875,-0.011362664075990736
2024-06-22,64252.578125,0.0024367818200783375
2024-06-23,63180.796875,-0.016821441362001366
2024-06-24,60277.4140625,-0.04704293399341175
2024-06-25,61804.640625,0.025020978589857634
2024-06-26,60811.27734375,-0.016203198264060248
2024-06-27,61604.80078125,0.01296454786345791
2024-06-28,60320.13671875,-0.02107381200861269
2024-06-29,60887.37890625,0.009359920064692773
2024-06-30,62678.29296875,0.02898927273172447
2024-07-01,62851.98046875,0.0027672625269055118
2024-07-02,62029.015625,-0.013180176056291515
2024-07-03,60173.921875,-0.03036320250661717
2024-07-04,56977.703125,-0.05457904895434851
2024-07-05,56662.375,-0.005549607840752202
2024-07-06,58303.5390625,0.02855238562508866
2024-07-07,55849.109375,-0.04300921718932038
2024-07-08,56705.09765625,0.015210533790654068
2024-07-09,58009.2265625,0.022737964112149456
2024-07-10,57742.49609375,-0.004608673369846272
2024-07-11,57344.9140625,-0.006909245978269141
2024-07-12,57899.46484375,0.00962398455810387
2024-07-13,59231.953125,0.022753003242582892
2024-07-14,60787.79296875,0.02592785026300426
2024-07-15,64870.15234375,0.06499862039498083
2024-07-16,65097.1484375,0.0034931297826741314
2024-07-17,64118.79296875,-0.015143242454824346
2024-07-18,63974.06640625,-0.002259714160352644
2024-07-19,66710.15625,0.041879420109635745
2024-07-20,67163.6484375,0.006774946348331312
2024-07-21,68154.5234375,0.014645375370143654
2024-07-22,67585.25,-0.00838776669011132
2024-07-23,65927.671875,-0.024831503546284495
2024-07-24,65372.1328125,-0.008462196557577073
2024-07-25,65777.2265625,0.006177613679945182
2024-07-26,67912.0625,0.03193999219319821
2024-07-27,67813.3359375,-0.0014547988961393088
2024-07-28,68255.8671875,0.006504525639671854
2024-07-29,66819.9140625,-0.02126224566408652
2024-07-30,66201.015625,-0.009305346230673806
2024-07-31,64619.25,-0.024183450577487164
2024-08-01,65357.5,0.011359846111043126
2024-08-02,61415.06640625,-0.06221701386487055
2024-08-03,60680.09375,-0.012039486792085441
2024-08-04,58116.9765625,-0.04315788272420917
2024-08-05,53991.45703125,-0.07363198582120134
2024-08-06,56034.31640625,0.03713846509911711
2024-08-07,55027.4609375,-0.018131945621423284
2024-08-08,61710.13671875,0.11461585743295721
2024-08-09,60880.11328125,-0.013541633552666354
2024-08-10,60945.8125,0.0010785754296183114
2024-08-11,58719.484375,-0.03721354652343756
2024-08-12,59354.515625,0.010756599640608044
2024-08-13,60609.56640625,0.02092453927711624
2024-08-14,58737.26953125,-0.03137830139166553
2024-08-15,57560.09765625,-0.02024486209713494
2024-08-16,58894.10546875,0.02291143010134178
2024-08-17,59478.97265625,0.00988184063726294
2024-08-18,58483.96484375,-0.016870237926472242
2024-08-19,59493.453125,0.017113663556006742
2024-08-20,59012.79296875,-0.008112024604757906
2024-08-21,61175.19140625,0.03598748777475258
2024-08-22,60381.9140625,-0.013052114105544632
2024-08-23,64094.35546875,0.059666677789925515
2024-08-24,64178.9921875,0.001319630813085837
2024-08-25,64333.54296875,0.0024052261605422842
2024-08-26,62880.66015625,-0.02284251207913357
2024-08-27,59504.1328125,-0.055192877560907405
2024-08-28,59027.625,-0.008040214509268395
2024-08-29,59388.1796875,0.006089656742739535
2024-08-30,59119.4765625,-0.004534788620027541
2024-08-31,58969.8984375,-0.0025333050495834897
2024-09-01,57325.48828125,-0.028281771257720578
2024-09-02,59112.48046875,0.030696731082649364
2024-09-03,57431.0234375,-0.0288574422367045
2024-09-04,57971.5390625,0.009367548966837447
2024-09-05,56160.48828125,-0.031738730145491445
2024-09-06,53948.75390625,-0.04017885990553971
2024-09-07,54139.6875,0.003532917856169604
2024-09-08,54841.56640625,0.012880905395702413
2024-09-09,57019.53515625,0.038945513665446185
2024-09-10,57648.7109375,0.010973955159395032
2024-09-11,57343.171875,-0.005314110423380924
2024-09-12,58127.01171875,0.013576697629400059
2024-09-13,60571.30078125,0.04119072290725079
2024-09-14,60005.12109375,-0.009391286288542133
2024-09-15,59182.8359375,-0.013798343779418687
2024-09-16,58192.5078125,-0.016874951656181025
2024-09-17,60308.5390625,0.035717088660708995
2024-09-18,61649.6796875,0.021994330568393394
2024-09-19,62940.45703125,0.020721119053916937
2024-09-20,63192.9765625,0.004004011647404937
2024-09-21,63394.83984375,0.003189303016478462
2024-09-22,63648.7109375,0.003996604788030211
2024-09-23,63329.80078125,-0.005023067643080026
2024-09-24,64301.96875,0.015234244172185996
2024-09-25,63143.14453125,-0.018185964558888656
2024-09-26,65181.01953125,0.03176403065562461
2024-09-27,65790.6640625,0.009309629648678097
2024-09-28,65887.6484375,0.001473050355761174
2024-09-29,65635.3046875,-0.003837262677613751
2024-09-30,63329.5,-0.03576247704956792
2024-10-01,60837.0078125,-0.040152970417249634
2024-10-02,60632.78515625,-0.0033625289659386937
2024-10-03,60759.40234375,0.002086085373775859
2024-10-04,62067.4765625,0.021300283559387623
2024-10-05,62089.94921875,0.0003620026164998791
2024-10-06,62818.953125,0.011672701783517425
2024-10-07,62236.66015625,-0.00931261159307084
2024-10-08,62131.96875,-0.0016835665376202513
2024-10-09,60582.1015625,-0.025261155468463414
2024-10-10,60274.5,-0.005090366975952776
2024-10-11,62445.08984375,0.035378479360446136
2024-10-12,63193.0234375,0.011906298332258203
2024-10-13,62851.375,-0.00542109412935865
2024-10-14,66046.125,0.04958054928829014
2024-10-15,67041.109375,0.01495264242203831
2024-10-16,67612.71875,0.008490108547450248
2024-10-17,67399.8359375,-0.0031535287872266338
2024-10-18,68418.7890625,0.015004897049664123
2024-10-19,68362.734375,-0.0008196237215276625
2024-10-20,69001.703125,0.009303330181939629
2024-10-21,67367.8515625,-0.023963262921302686
2024-10-22,67361.40625,-9.567799317800052e-05
2024-10-23,66432.1953125,-0.013890438213698175
2024-10-24,68161.0546875,0.025691547967452877
2024-10-25,66642.4140625,-0.02253213347279548
2024-10-26,67014.6953125,0.005570705733250136
2024-10-27,67929.296875,0.013555484057567568
2024-10-28,69907.7578125,0.02870921510255542
2024-10-29,72720.4921875,0.039446590577762564
2024-10-30,72339.5390625,-0.00525236341818669
2024-10-31,70215.1875,-0.02980622089692453
2024-11-01,69482.46875,-0.010490161236779372
2024-11-02,69289.2734375,-0.002784362785529737
2024-11-03,68741.1171875,-0.007942586110248229
2024-11-04,67811.5078125,-0.013615611362265412
2024-11-05,69359.5625,0.022572112490930607
2024-11-06,75639.078125,0.08666903126846393
2024-11-07,75904.859375,0.0035076496874797414
2024-11-08,76545.4765625,0.008404323339316733
2024-11-09,76778.8671875,0.003044406381334852
2024-11-10,80474.1875,0.04700704537184386
2024-11-11,88701.484375,0.09734014312496164
2024-11-12,87955.8125,-0.008442066269106263
2024-11-13,90584.1640625,0.029444850487761798
2024-11-14,87250.4296875,-0.03749692231881241
2024-11-15,91066.0078125,0.04280211829142644
2024-11-16,90558.4765625,-0.005588812244118557
2024-11-17,89845.8515625,-0.007900350440317894
2024-11-18,90542.640625,0.007725465406075216
2024-11-19,92343.7890625,0.01969754318365169
2024-11-20,94339.4921875,0.02138144499843264
2024-11-21,98504.7265625,0.04320463738221214
2024-11-22,98997.6640625,0.0049917220950614904
2024-11-23,97777.28125,-0.012404002529793345
2024-11-24,98013.8203125,0.0024162403264789134
2024-11-25,93102.296875,-0.051409637293289734
2024-11-26,91985.3203125,-0.012069852534281722
2024-11-27,95962.53125,0.04232881330495708
2024-11-28,95652.46875,-0.0032363100031336245
2024-11-29,97461.5234375,0.018736162907208254
2024-11-30,96449.0546875,-0.010442730465097583
2024-12-01,97279.7890625,0.008576311620290156
2024-12-02,95865.3046875,-0.01464711979836153
2024-12-03,96002.1640625,0.0014266034685608275
2024-12-04,98768.53125,0.028408310872006126
2024-12-05,96593.5703125,-0.022266865312221995
2024-12-06,99920.7109375,0.03386480176780893
2024-12-07,99923.3359375,2.6270484823953666e-05
2024-12-08,101236.015625,0.013051327819740166
2024-12-09,97432.71875,-0.038292503466212935
2024-12-10,96675.4296875,-0.007802793553988607
2024-12-11,101173.03125,0.04547294957076353
2024-12-12,100043.0,-0.011232138149603443
2024-12-13,101459.2578125,0.014057223472295988
2024-12-14,101372.96875,-0.0008508417934169898
2024-12-15,104298.6953125,0.02845237769652975
2024-12-16,106029.71875,0.016460567443029817
2024-12-17,106140.6015625,0.0010452246330352466
2024-12-18,100041.5390625,-0.05917915465376922
2024-12-19,97490.953125,-0.025825905125143933
2024-12-20,97755.9296875,0.002714273553184654
2024-12-21,97224.7265625,-0.005448791172121048
2024-12-22,95104.9375,-0.02204418038201439
2024-12-23,94686.2421875,-0.004412175449120426
2024-12-24,98676.09375,0.0412739940682787
2024-12-25,99299.1953125,0.006294761562736895
2024-12-26,95795.515625,-0.03592159329680378
2024-12-27,94164.859375,-0.01716880486495498
2024-12-28,95163.9296875,0.010553910906912378
2024-12-29,93530.2265625,-0.01731631736860173
2024-12-30,92643.2109375,-0.009528989191728954
